price,brand,color,storage,system,processor_type,resolution,size
23999,redmi,black,128,android,mediatek,Full HD,6.7
20999,oppo,green,128,android,mediatek,Full HD,6.5
13149,redmi,white,64,android,unknown,Full HD,6.4
21999,oneplus,blue,256,android,qualcomm,Full HD,6.4
3537,apple,blue,128,ios,apple,Full HD,5.4
5537,apple,gold,64,ios,apple,4K,5.5
9999,infinix,green,64,android,mediatek,Full HD,6.6
12999,samsung,green,128,android,qualcomm,HD,6.5
15990,vivo,black,64,android,qualcomm,Full HD,6.5
6999,motorola,white,16,android,mediatek,HD,5.0
10990,oppo,black,32,android,mediatek,HD,6.5
24463,samsung,purple,128,android,qualcomm,Full HD,6.7
7537,realme,green,256,android,qualcomm,2K,6.7
24463,apple,red,256,ios,apple,Full HD,6.7
10990,redmi,white,64,android,unknown,Full HD,6.5
17537,mi,black,128,android,qualcomm,Full HD,6.7
13990,oppo,red,32,android,mediatek,HD,6.2
14463,vivo,black,256,android,qualcomm,2K,6.8
6999,redmi,grey,32,android,qualcomm,HD,5.0
22990,oppo,black,64,android,mediatek,Full HD,6.2
19087,oneplus,green,128,android,unknown,Full HD,6.7
9499,redmi,green,128,android,mediatek,HD,6.5
31637,oneplus,black,128,android,unknown,Full HD,6.5
32537,oppo,blue,256,android,mediatek,Full HD,6.7
6499,motorola,green,64,android,unisoc,HD,6.5
9490,vivo,green,32,android,mediatek,HD,6.5
16999,redmi,black,64,android,mediatek,Full HD,6.5
23999,oneplus,grey,128,android,unknown,Full HD,6.4
7799,tecno,blue,64,android,unknown,HD,6.6
23999,vivo,gold,128,android,unknown,Full HD,6.4
12999,infinix,black,128,android,mediatek,Full HD,6.7
9499,oppo,gold,64,android,mediatek,HD,6.6
14999,infinix,black,64,android,mediatek,Full HD,6.7
25937,oneplus,silver,128,android,unknown,4K,6.6
28537,apple,red,64,ios,apple,HD,6.1
15999,infinix,grey,128,android,mediatek,Full HD,6.7
14990,vivo,purple,64,android,mediatek,HD,6.2
73,apple,gold,256,ios,apple,Full HD,6.1
22000,xiaomi,blue,128,android,unknown,4K,6.5
13999,mi,gold,128,android,qualcomm,Full HD,6.0
17499,oppo,blue,128,android,mediatek,HD,6.6
19999,redmi,blue,128,android,mediatek,Full HD,6.5
14999,redmi,black,64,android,qualcomm,Full HD,6.3
13499,infinix,green,128,android,mediatek,4K,6.6
13999,redmi,red,64,android,qualcomm,Full HD,6.3
32537,oppo,silver,256,android,mediatek,Full HD,6.7
30537,motorola,grey,128,android,qualcomm,Full HD,6.5
6499,infinix,blue,32,android,mediatek,HD,6.1
16200,samsung,blue,128,android,mediatek,HD,6.5
15790,redmi,green,128,android,unknown,Full HD,6.6
10999,infinix,blue,64,android,mediatek,Full HD,6.7
22537,realme,blue,256,android,mediatek,Full HD,6.7
16999,realme,white,128,android,mediatek,Full HD,6.4
19990,vivo,blue,128,android,qualcomm,Full HD,6.5
10999,realme,silver,32,android,mediatek,HD,6.5
12990,samsung,black,128,android,samsung,Full HD,6.6
10499,realme,blue,64,android,mediatek,HD,6.2
8999,tecno,blue,64,android,mediatek,HD,6.5
23990,mi,white,128,android,qualcomm,Full HD,6.7
23999,redmi,purple,128,android,mediatek,Full HD,6.7
18490,samsung,black,64,android,samsung,Full HD,6.6
15537,apple,silver,64,ios,apple,HD,4.7
16999,redmi,blue,128,android,qualcomm,Full HD,6.7
26927,apple,gold,512,ios,apple,Full HD,6.7
10537,oneplus,black,256,android,unknown,Full HD,6.7
6099,tecno,blue,32,android,unisoc,HD,6.6
10073,apple,gold,128,ios,apple,Full HD,6.1
11086,oneplus,green,256,android,unknown,2K,6.7
16990,oppo,blue,64,android,mediatek,HD,5.7
11499,infinix,blue,64,android,mediatek,4K,6.6
7299,motorola,blue,32,android,mediatek,HD,6.5
8998,redmi,red,32,android,unknown,HD,6.3
15390,vivo,white,128,android,qualcomm,Full HD,6.6
14499,realme,black,128,android,qualcomm,Full HD,6.3
8537,apple,blue,128,ios,apple,Full HD,6.1
29960,oneplus,green,128,android,unknown,Full HD,6.7
25000,realme,black,128,android,mediatek,4K,6.4
17999,realme,black,128,android,mediatek,Full HD,6.6
41990,oppo,gold,256,android,mediatek,Full HD,6.5
9299,redmi,green,64,android,mediatek,Full HD,6.6
32546,apple,red,128,ios,apple,HD,4.7
23537,samsung,black,128,android,qualcomm,Full HD,6.7
14990,oppo,black,128,android,qualcomm,Full HD,6.6
8149,redmi,black,64,android,unknown,HD,6.5
32537,oppo,blue,256,android,mediatek,Full HD,6.7
32546,apple,white,128,ios,apple,HD,4.7
12990,oppo,blue,32,android,mediatek,HD,6.2
11999,redmi,white,32,android,qualcomm,Full HD,6.3
13499,realme,black,64,android,mediatek,Full HD,6.5
21800,oneplus,blue,128,android,unknown,Full HD,6.6
15990,vivo,black,32,android,mediatek,HD,6.2
23837,apple,black,128,ios,apple,HD,6.1
6299,redmi,black,32,android,mediatek,HD,6.5
18990,vivo,black,64,android,qualcomm,HD,6.2
4464,apple,gold,128,ios,apple,4K,5.5
8490,tecno,blue,64,android,mediatek,4K,6.6
9499,tecno,blue,64,android,unknown,4K,6.8
15799,oppo,blue,128,android,mediatek,HD,6.5
14890,redmi,white,128,android,unknown,Full HD,6.7
28537,apple,black,64,ios,apple,HD,6.1
13990,samsung,black,128,android,samsung,Full HD,6.6
27172,apple,silver,256,ios,apple,Full HD,5.8
23636,apple,blue,16,ios,apple,HD,4.0
10999,redmi,black,32,android,qualcomm,Full HD,6.0
12749,redmi,black,64,android,qualcomm,Full HD,5.5
14999,redmi,blue,64,android,qualcomm,Full HD,6.3
32546,vivo,black,128,android,qualcomm,Full HD,6.4
14999,oppo,gold,64,android,mediatek,HD,6.6
31602,oneplus,green,128,android,unknown,4K,6.7
21172,apple,silver,64,ios,apple,Full HD,6.5
8999,realme,blue,32,android,unisoc,HD,6.5
27990,vivo,blue,128,android,mediatek,Full HD,6.4
15999,motorola,blue,128,android,mediatek,Full HD,6.5
20999,samsung,black,128,android,mediatek,Full HD,6.6
32537,oppo,silver,256,android,mediatek,Full HD,6.7
12999,vivo,gold,128,android,mediatek,Full HD,6.6
19864,apple,silver,256,ios,apple,Full HD,5.5
25856,oneplus,black,256,android,unknown,Full HD,6.6
15337,oneplus,black,256,android,unknown,Full HD,6.7
23463,samsung,green,256,android,qualcomm,Full HD,6.6
23537,xiaomi,blue,256,android,qualcomm,Full HD,6.7
6999,redmi,blue,32,android,qualcomm,HD,5.5
24990,vivo,blue,128,android,qualcomm,Full HD,6.4
31999,redmi,red,256,android,qualcomm,Full HD,6.4
14890,redmi,blue,128,android,mediatek,Full HD,6.5
13999,oppo,black,128,android,mediatek,HD,6.5
18499,redmi,white,128,android,mediatek,Full HD,6.4
9261,realme,blue,128,android,mediatek,HD,6.5
11999,realme,blue,128,android,qualcomm,HD,6.5
10990,oppo,blue,16,android,qualcomm,HD,5.2
14885,samsung,silver,128,android,qualcomm,4K,6.6
15999,redmi,gold,64,android,qualcomm,Full HD,6.3
6927,apple,silver,256,ios,apple,Full HD,6.7
24999,redmi,blue,128,android,qualcomm,Full HD,6.4
7999,infinix,blue,64,android,mediatek,HD,6.8
19999,samsung,purple,128,android,mediatek,4K,6.6
13980,redmi,white,64,android,mediatek,Full HD,6.4
14476,redmi,blue,128,android,unknown,Full HD,6.4
24999,samsung,black,128,android,unknown,4K,6.7
1463,apple,purple,256,ios,apple,Full HD,6.1
17999,redmi,blue,64,android,qualcomm,Full HD,6.3
23537,apple,silver,16,ios,apple,HD,4.7
19990,vivo,blue,128,android,mediatek,4K,6.4
3073,apple,gold,128,ios,apple,Full HD,6.7
6463,apple,red,256,ios,apple,Full HD,6.1
20990,vivo,blue,64,android,mediatek,4K,6.4
13999,samsung,blue,64,android,samsung,HD,6.5
8499,samsung,black,32,android,mediatek,HD,6.5
14775,samsung,blue,64,android,samsung,Full HD,6.4
12999,redmi,white,64,android,qualcomm,Full HD,6.3
13499,redmi,black,64,android,qualcomm,HD,6.0
13828,apple,silver,512,ios,apple,Full HD,6.5
9499,vivo,green,32,android,mediatek,HD,6.5
1172,apple,green,256,ios,apple,Full HD,6.1
27990,vivo,black,128,android,qualcomm,Full HD,6.4
10990,vivo,purple,32,android,qualcomm,HD,6.2
19990,oppo,black,128,android,mediatek,Full HD,6.4
17999,samsung,blue,128,android,qualcomm,HD,6.5
18990,vivo,purple,64,android,qualcomm,HD,6.2
16479,samsung,green,128,android,samsung,4K,6.6
16980,oppo,black,128,android,qualcomm,Full HD,6.5
27990,oppo,red,128,android,mediatek,Full HD,6.2
17691,oneplus,black,128,android,unknown,Full HD,6.6
9049,tecno,green,64,android,unknown,HD,6.5
12280,tecno,blue,64,android,mediatek,HD,6.6
3073,apple,silver,128,ios,apple,Full HD,6.7
8597,samsung,blue,32,android,qualcomm,HD,6.5
14463,samsung,black,256,android,qualcomm,Full HD,6.1
12999,samsung,black,64,android,samsung,HD,6.5
12499,infinix,green,64,android,mediatek,Full HD,6.7
23990,redmi,black,128,android,unknown,Full HD,6.7
15537,oneplus,black,256,android,unknown,4K,6.6
29999,motorola,blue,256,android,mediatek,Full HD,6.5
31999,samsung,black,128,android,qualcomm,Full HD,6.5
14999,mi,grey,32,android,qualcomm,Full HD,6.4
21999,oneplus,blue,256,android,qualcomm,Full HD,6.4
17999,redmi,white,128,android,mediatek,Full HD,6.5
14999,infinix,green,64,android,mediatek,HD,7.0
18990,samsung,grey,128,android,qualcomm,HD,6.6
25990,vivo,blue,128,android,mediatek,Full HD,6.4
24364,apple,grey,64,ios,apple,Full HD,5.8
19364,apple,gold,256,ios,apple,Full HD,5.5
26364,apple,blue,256,ios,apple,HD,6.1
3537,samsung,purple,128,android,unknown,Full HD,6.1
13999,infinix,blue,64,android,mediatek,Full HD,7.0
18490,redmi,white,128,android,unknown,Full HD,6.6
7773,apple,gold,512,ios,apple,Full HD,6.7
32990,oppo,black,128,android,mediatek,Full HD,6.4
15999,samsung,green,64,android,samsung,Full HD,6.4
32999,oppo,blue,256,android,mediatek,Full HD,6.7
28990,apple,black,64,ios,apple,HD,4.7
13999,redmi,black,64,android,qualcomm,Full HD,6.7
20999,xiaomi,black,128,android,unknown,Full HD,6.5
39999,oppo,silver,256,android,qualcomm,Full HD,6.7
24546,apple,black,256,ios,apple,HD,4.7
17499,oppo,black,128,android,mediatek,HD,6.6
11990,tecno,grey,128,android,mediatek,4K,6.8
17999,samsung,black,128,android,samsung,HD,6.5
21990,oppo,purple,128,android,mediatek,4K,6.5
13999,infinix,grey,64,android,mediatek,Full HD,7.0
10499,redmi,black,64,android,mediatek,Full HD,6.5
8864,apple,gold,256,ios,apple,HD,4.7
29073,apple,green,256,ios,apple,Full HD,6.5
24999,motorola,green,128,android,qualcomm,Full HD,6.5
9537,apple,blue,128,ios,apple,Full HD,5.4
18999,infinix,silver,128,android,mediatek,Full HD,6.8
39990,oppo,black,256,android,qualcomm,Full HD,6.5
6464,tecno,blue,32,android,unisoc,HD,6.5
24900,samsung,white,128,android,samsung,Full HD,6.4
9990,oppo,black,32,android,mediatek,HD,6.5
17990,oppo,black,32,android,mediatek,Full HD,6.0
8828,apple,green,256,ios,apple,Full HD,6.7
8699,realme,blue,64,android,unisoc,HD,6.5
11999,infinix,black,128,android,mediatek,Full HD,6.8
9999,realme,gold,64,android,unisoc,HD,6.5
9999,vivo,grey,64,android,mediatek,HD,6.5
7999,infinix,green,64,android,mediatek,HD,6.8
6999,tecno,purple,32,android,unknown,HD,6.5
29990,vivo,gold,128,android,mediatek,Full HD,6.4
7999,tecno,white,32,android,mediatek,HD,6.5
6499,redmi,blue,16,android,unknown,HD,5.5
32537,oppo,silver,256,android,mediatek,Full HD,6.7
7990,redmi,black,32,android,qualcomm,HD,6.3
23999,redmi,blue,256,android,unknown,Full HD,6.7
9537,apple,white,128,ios,apple,Full HD,5.4
7999,redmi,red,32,android,qualcomm,HD,6.2
9499,realme,black,64,android,mediatek,HD,6.2
16999,realme,blue,128,android,mediatek,Full HD,6.5
17890,oneplus,grey,128,android,unknown,Full HD,6.7
9999,redmi,grey,64,android,qualcomm,HD,6.2
27819,oneplus,grey,128,android,unknown,Full HD,6.7
17999,oppo,green,128,android,mediatek,4K,6.5
14990,redmi,white,64,android,mediatek,Full HD,6.6
28799,oneplus,grey,128,android,unknown,Full HD,6.7
10990,vivo,black,32,android,qualcomm,HD,6.5
21252,oneplus,black,256,android,unknown,Full HD,6.7
54999,oppo,silver,256,android,qualcomm,Full HD,6.7
25546,oneplus,green,128,android,qualcomm,2K,6.8
16999,motorola,green,128,android,qualcomm,Full HD,6.4
13990,oppo,black,128,android,qualcomm,HD,6.5
18884,vivo,gold,128,android,unknown,4K,6.6
28546,vivo,black,128,android,qualcomm,Full HD,6.3
11499,redmi,blue,64,android,mediatek,Full HD,6.4
14537,apple,green,64,ios,apple,Full HD,5.4
23999,redmi,blue,128,android,mediatek,Full HD,6.7
18537,apple,red,128,ios,apple,HD,6.1
28858,xiaomi,black,256,android,unknown,4K,6.7
14499,vivo,green,64,android,mediatek,HD,6.5
3073,apple,purple,128,ios,apple,Full HD,6.7
17480,redmi,purple,128,android,mediatek,Full HD,6.4
14499,vivo,blue,128,android,mediatek,HD,6.5
15798,samsung,blue,128,android,mediatek,Full HD,6.3
10999,realme,purple,32,android,qualcomm,HD,6.5
14990,vivo,black,128,android,mediatek,HD,6.5
10999,vivo,blue,64,android,qualcomm,HD,6.3
14999,samsung,black,64,android,unknown,Full HD,6.4
8999,infinix,purple,64,android,mediatek,HD,6.8
11499,samsung,black,32,android,mediatek,HD,6.5
15499,tecno,blue,128,android,mediatek,4K,6.8
21490,samsung,blue,128,android,unknown,Full HD,6.3
9299,infinix,green,64,android,unisoc,HD,6.8
25989,oneplus,grey,128,android,unknown,Full HD,6.4
28999,samsung,purple,128,android,mediatek,4K,6.6
14499,vivo,green,128,android,mediatek,HD,6.5
7199,infinix,black,32,android,mediatek,HD,6.5
15490,samsung,blue,128,android,unknown,4K,6.6
24999,realme,green,256,android,mediatek,Full HD,6.7
17537,oneplus,black,256,android,unknown,2K,6.7
10990,oppo,gold,16,android,qualcomm,HD,5.2
29547,oneplus,silver,256,android,qualcomm,Full HD,6.5
16537,apple,silver,128,ios,apple,Full HD,5.5
21999,tecno,blue,256,android,mediatek,4K,6.7
24546,apple,white,256,ios,apple,HD,4.7
8499,realme,black,64,android,unisoc,HD,6.5
9000,samsung,black,32,android,qualcomm,HD,6.0
27999,oppo,blue,128,android,unknown,Full HD,6.4
18990,oppo,grey,64,android,mediatek,HD,5.5
9990,vivo,blue,32,android,qualcomm,HD,6.5
10999,redmi,black,64,android,qualcomm,HD,6.2
23999,samsung,grey,128,android,mediatek,Full HD,6.6
11099,motorola,green,64,android,mediatek,HD,6.5
14537,oneplus,silver,256,android,unknown,4K,6.6
16999,motorola,blue,128,android,samsung,Full HD,6.3
15546,samsung,black,64,android,samsung,2K,5.8
10499,realme,gold,128,android,unisoc,HD,6.5
22636,apple,gold,128,ios,apple,Full HD,5.5
18890,motorola,green,128,android,qualcomm,Full HD,6.4
12999,infinix,black,128,android,unisoc,HD,6.6
15499,oppo,blue,64,android,mediatek,HD,6.6
11249,motorola,white,64,android,qualcomm,Full HD,6.6
18990,oppo,green,128,android,qualcomm,HD,6.5
12790,redmi,blue,64,android,unknown,Full HD,6.4
16999,infinix,grey,256,android,mediatek,Full HD,6.7
8999,infinix,blue,64,android,mediatek,HD,6.5
23463,samsung,black,256,android,qualcomm,Full HD,6.7
13990,vivo,black,64,android,mediatek,HD,6.5
28537,tecno,grey,256,android,unknown,4K,6.8
21495,realme,blue,128,android,mediatek,4K,6.4
15999,infinix,gold,256,android,mediatek,Full HD,6.8
15999,vivo,gold,128,android,mediatek,Full HD,6.6
10999,infinix,silver,64,android,mediatek,Full HD,6.8
15499,samsung,green,128,android,samsung,Full HD,6.6
7999,infinix,blue,64,android,mediatek,HD,6.6
24990,oneplus,grey,128,android,unknown,Full HD,6.4
24472,apple,grey,64,ios,apple,Full HD,5.8
30780,apple,grey,32,ios,apple,HD,4.7
8864,apple,black,256,ios,apple,HD,4.7
16990,vivo,black,128,android,qualcomm,Full HD,6.6
9799,redmi,green,128,android,mediatek,HD,6.7
13990,realme,black,64,android,qualcomm,Full HD,6.3
22999,realme,white,128,android,qualcomm,Full HD,6.4
16999,vivo,blue,128,android,qualcomm,Full HD,6.6
14900,tecno,black,64,android,mediatek,HD,6.6
15537,oneplus,black,128,android,unknown,2K,6.7
30163,apple,grey,64,ios,apple,Full HD,6.5
10999,infinix,black,64,android,mediatek,HD,6.8
8095,tecno,black,64,android,unisoc,HD,6.6
15690,samsung,grey,128,android,mediatek,Full HD,6.6
24890,oneplus,blue,128,android,qualcomm,Full HD,6.4
11499,samsung,black,64,android,mediatek,HD,6.4
20546,oneplus,black,128,android,unknown,2K,6.7
7989,tecno,black,64,android,unknown,HD,6.6
22036,oneplus,blue,256,android,unknown,Full HD,6.5
11490,redmi,black,128,android,mediatek,Full HD,6.5
16999,redmi,purple,64,android,mediatek,Full HD,6.4
12999,motorola,grey,128,android,qualcomm,Full HD,6.8
8697,redmi,blue,64,android,unknown,HD,6.7
29463,samsung,purple,256,android,qualcomm,Full HD,6.7
9990,oppo,grey,16,android,qualcomm,HD,5.0
3828,apple,silver,512,ios,apple,Full HD,5.8
8541,tecno,black,64,android,mediatek,HD,6.6
9999,realme,black,128,android,unisoc,HD,6.7
7990,tecno,black,64,android,mediatek,HD,6.6
24537,apple,black,64,ios,apple,HD,6.1
7479,redmi,green,64,android,unknown,Full HD,6.5
14499,samsung,blue,128,android,samsung,Full HD,6.4
15499,vivo,blue,128,android,mediatek,HD,6.5
18999,redmi,white,128,android,mediatek,Full HD,6.5
20537,apple,black,128,ios,apple,HD,6.1
14999,realme,black,64,android,mediatek,Full HD,6.6
17999,realme,blue,128,android,qualcomm,Full HD,6.5
8490,tecno,black,32,android,mediatek,HD,6.5
10537,mi,grey,128,android,qualcomm,Full HD,6.7
22221,vivo,gold,64,android,qualcomm,HD,6.0
12999,infinix,white,128,android,unisoc,HD,6.6
3537,apple,red,128,ios,apple,Full HD,5.4
20990,oppo,silver,128,android,qualcomm,Full HD,6.4
7399,samsung,blue,32,android,mediatek,HD,6.5
7999,infinix,white,64,android,mediatek,HD,6.6
13499,infinix,blue,128,android,mediatek,Full HD,6.8
9490,samsung,black,32,android,qualcomm,HD,6.5
13536,apple,grey,16,ios,apple,HD,4.7
28999,xiaomi,black,128,android,mediatek,Full HD,6.7
7760,tecno,purple,64,android,mediatek,HD,6.6
10999,redmi,gold,32,android,qualcomm,Full HD,6.0
10999,tecno,black,128,android,mediatek,HD,6.8
8864,apple,silver,256,ios,apple,HD,4.7
15999,mi,blue,128,android,qualcomm,HD,6.1
21000,samsung,black,64,android,samsung,4K,6.4
8888,tecno,purple,64,android,mediatek,HD,6.6
8977,tecno,blue,64,android,unisoc,HD,6.6
11999,redmi,black,128,android,mediatek,HD,6.5
13490,oppo,gold,16,android,mediatek,HD,5.2
7295,redmi,green,32,android,mediatek,HD,6.5
22840,redmi,blue,128,android,unknown,Full HD,6.7
26999,redmi,black,256,android,mediatek,Full HD,6.7
16999,vivo,black,128,android,qualcomm,Full HD,6.6
23990,oppo,white,128,android,mediatek,4K,6.5
7999,infinix,black,64,android,mediatek,HD,6.6
23900,samsung,black,128,android,unknown,4K,6.5
8999,redmi,blue,32,android,qualcomm,HD,6.2
8999,infinix,blue,128,android,mediatek,HD,6.6
11073,samsung,silver,256,android,qualcomm,4K,7.6
10499,tecno,gold,64,android,mediatek,HD,6.3
9772,apple,green,256,ios,apple,Full HD,5.8
7537,realme,white,256,android,qualcomm,2K,6.7
9990,oppo,red,16,android,mediatek,HD,5.7
32999,oppo,blue,256,android,mediatek,Full HD,6.7
22537,vivo,black,256,android,mediatek,Full HD,6.8
14999,samsung,blue,64,android,mediatek,HD,6.5
11999,motorola,silver,128,android,qualcomm,Full HD,6.5
13940,tecno,black,128,android,mediatek,4K,6.8
19990,oppo,white,128,android,mediatek,Full HD,6.4
11099,motorola,blue,64,android,mediatek,HD,6.5
31999,apple,gold,16,ios,apple,HD,4.7
14999,infinix,blue,64,android,mediatek,HD,7.0
3463,apple,red,128,ios,apple,Full HD,6.1
7999,tecno,blue,32,android,mediatek,HD,6.5
23999,vivo,black,128,android,qualcomm,Full HD,6.4
10990,oppo,black,16,android,qualcomm,HD,5.2
8601,oneplus,green,128,android,unknown,2K,6.7
9575,redmi,blue,128,android,mediatek,HD,6.7
5073,apple,silver,512,ios,apple,Full HD,6.1
828,apple,silver,256,ios,apple,Full HD,6.5
6464,apple,grey,16,ios,apple,4K,5.5
29656,oneplus,black,256,android,unknown,4K,6.7
21990,vivo,black,128,android,qualcomm,Full HD,6.6
25999,vivo,gold,256,android,qualcomm,Full HD,6.4
13402,samsung,blue,128,android,unknown,Full HD,6.4
9537,apple,black,128,ios,apple,Full HD,5.4
14111,redmi,green,64,android,unknown,Full HD,6.6
45999,oppo,green,256,android,mediatek,Full HD,6.7
17990,vivo,blue,64,android,qualcomm,Full HD,6.5
10300,redmi,black,64,android,mediatek,HD,6.5
15990,oppo,black,128,android,mediatek,HD,6.5
29463,samsung,black,256,android,qualcomm,Full HD,6.6
8899,tecno,blue,64,android,mediatek,HD,6.6
15499,samsung,blue,128,android,qualcomm,Full HD,6.6
30537,realme,green,128,android,qualcomm,Full HD,6.6
29990,oppo,blue,256,android,mediatek,Full HD,6.4
15990,vivo,red,64,android,mediatek,HD,6.3
6999,infinix,black,16,android,mediatek,HD,5.5
22537,vivo,blue,256,android,mediatek,Full HD,6.8
16999,realme,black,128,android,mediatek,Full HD,6.6
32536,samsung,blue,128,android,samsung,Full HD,6.5
9990,oppo,blue,32,android,mediatek,HD,6.2
30999,oneplus,blue,128,android,unknown,Full HD,6.7
14248,samsung,blue,64,android,samsung,Full HD,6.4
32537,oppo,silver,256,android,mediatek,Full HD,6.7
24990,redmi,blue,256,android,unknown,Full HD,6.7
16999,samsung,black,128,android,mediatek,HD,6.5
23999,xiaomi,green,128,android,mediatek,Full HD,6.7
10649,redmi,gold,32,android,qualcomm,Full HD,5.5
15999,redmi,gold,128,android,qualcomm,Full HD,6.7
29999,oppo,gold,128,android,qualcomm,Full HD,6.7
9537,oneplus,green,128,android,unknown,2K,6.7
8828,apple,blue,256,ios,apple,Full HD,6.7
8999,redmi,silver,32,android,qualcomm,HD,5.0
20999,redmi,black,128,android,mediatek,Full HD,6.6
14499,samsung,black,128,android,samsung,Full HD,6.4
15999,realme,black,64,android,mediatek,Full HD,6.5
14198,tecno,blue,128,android,unknown,HD,6.6
16999,realme,blue,128,android,mediatek,Full HD,6.6
8210,redmi,green,64,android,unknown,HD,6.5
10999,motorola,silver,64,android,qualcomm,Full HD,6.5
10999,infinix,black,32,android,qualcomm,HD,6.2
89999,oppo,purple,256,android,mediatek,Full HD,6.8
28999,oneplus,blue,256,android,qualcomm,Full HD,6.5
11464,apple,gold,256,ios,apple,HD,4.7
24999,samsung,black,128,android,unknown,4K,6.4
9490,samsung,blue,32,android,qualcomm,HD,6.2
8537,apple,green,256,ios,apple,Full HD,5.4
10499,vivo,blue,32,android,qualcomm,HD,6.5
17999,oneplus,grey,128,android,unknown,Full HD,6.4
11999,vivo,blue,64,android,qualcomm,Full HD,6.6
3927,apple,blue,512,ios,apple,Full HD,6.7
7460,redmi,black,64,android,unknown,Full HD,6.5
21990,oppo,purple,128,android,qualcomm,HD,6.5
10985,tecno,blue,128,android,mediatek,HD,6.6
537,oneplus,green,128,android,unknown,2K,6.7
18499,redmi,blue,128,android,unknown,Full HD,6.6
15490,vivo,blue,64,android,qualcomm,HD,6.5
9999,motorola,blue,128,android,mediatek,HD,6.5
29999,redmi,white,256,android,mediatek,Full HD,6.7
32537,oppo,blue,256,android,mediatek,Full HD,6.7
28990,apple,red,64,ios,apple,HD,4.7
32546,apple,black,128,ios,apple,HD,4.7
16999,vivo,black,128,android,qualcomm,Full HD,6.6
11890,redmi,purple,128,android,mediatek,HD,6.5
28537,apple,white,64,ios,apple,HD,6.1
6172,apple,silver,256,ios,apple,Full HD,6.5
12990,tecno,black,128,android,mediatek,Full HD,6.8
13499,redmi,red,64,android,qualcomm,Full HD,6.0
1172,apple,gold,256,ios,apple,Full HD,6.1
30499,samsung,white,128,android,qualcomm,Full HD,6.5
5537,mi,grey,256,android,qualcomm,Full HD,6.7
22990,oppo,white,128,android,mediatek,Full HD,6.4
6499,redmi,blue,16,android,qualcomm,HD,5.5
16999,realme,black,128,android,mediatek,Full HD,6.4
9228,apple,grey,512,ios,apple,Full HD,5.8
14285,tecno,red,256,android,mediatek,4K,6.7
14999,mi,grey,64,android,qualcomm,HD,6.1
35990,oppo,blue,128,android,mediatek,Full HD,6.5
23068,samsung,black,128,android,unknown,4K,6.7
28537,apple,blue,64,ios,apple,HD,6.1
8999,infinix,black,64,android,mediatek,HD,6.8
24546,apple,white,256,ios,apple,HD,4.7
9999,redmi,blue,64,android,qualcomm,HD,6.7
32537,oppo,silver,256,android,mediatek,Full HD,6.7
13999,samsung,blue,64,android,samsung,Full HD,6.4
17990,oppo,blue,128,android,mediatek,HD,6.5
6999,redmi,white,16,android,qualcomm,HD,4.7
18927,samsung,green,256,android,qualcomm,4K,7.6
7290,redmi,green,32,android,unknown,HD,6.5
19927,apple,gold,512,ios,apple,Full HD,6.1
29775,vivo,black,128,android,unknown,Full HD,6.6
10499,samsung,black,64,android,samsung,HD,6.5
1463,apple,white,256,ios,apple,Full HD,6.1
10999,motorola,blue,64,android,mediatek,HD,6.5
29800,oppo,black,128,android,mediatek,Full HD,6.4
17499,mi,blue,128,android,qualcomm,Full HD,6.5
14648,redmi,gold,128,android,unknown,Full HD,6.7
13999,samsung,black,64,android,samsung,HD,6.5
10990,oppo,blue,32,android,mediatek,HD,6.5
24999,redmi,purple,128,android,mediatek,Full HD,6.7
15200,samsung,black,128,android,unknown,4K,6.4
10990,oppo,red,32,android,qualcomm,HD,6.2
15990,oppo,red,32,android,qualcomm,HD,6.2
14999,samsung,white,128,android,samsung,Full HD,6.6
10999,vivo,black,64,android,mediatek,HD,6.5
6999,redmi,grey,32,android,qualcomm,HD,5.0
5999,infinix,blue,32,android,mediatek,HD,6.6
1537,vivo,blue,256,android,mediatek,Full HD,6.8
26537,samsung,purple,128,android,samsung,Full HD,6.4
11490,samsung,blue,64,android,unknown,4K,6.4
7773,apple,blue,512,ios,apple,Full HD,6.7
9590,redmi,grey,32,android,unknown,HD,6.5
30163,apple,grey,64,ios,apple,Full HD,6.5
7299,motorola,white,64,android,unisoc,HD,6.5
21999,oneplus,silver,128,android,unknown,4K,6.4
14999,vivo,black,128,android,qualcomm,Full HD,6.6
30537,samsung,blue,128,android,unknown,4K,6.7
26537,oneplus,black,256,android,unknown,Full HD,6.7
22537,realme,white,256,android,mediatek,Full HD,6.7
12999,infinix,green,128,android,unisoc,HD,6.6
25000,apple,grey,16,ios,apple,HD,4.0
12999,redmi,red,64,android,qualcomm,HD,6.3
6500,redmi,black,16,android,unknown,HD,5.5
20846,oneplus,silver,256,android,unknown,Full HD,6.7
12840,redmi,black,128,android,unknown,Full HD,6.7
27599,oneplus,grey,128,android,unknown,Full HD,6.7
8999,infinix,blue,64,android,mediatek,HD,6.8
12900,samsung,green,32,android,qualcomm,HD,6.5
8749,realme,silver,64,android,unisoc,HD,6.5
30537,realme,white,128,android,qualcomm,Full HD,6.6
26364,apple,grey,64,ios,apple,Full HD,5.8
9999,samsung,black,64,android,samsung,HD,5.6
13999,redmi,black,64,android,qualcomm,Full HD,6.3
8864,apple,gold,256,ios,apple,HD,4.7
6599,redmi,blue,32,android,mediatek,HD,6.5
8949,tecno,blue,64,android,mediatek,4K,6.6
14099,redmi,black,64,android,unknown,Full HD,6.6
11537,apple,white,64,ios,apple,Full HD,6.1
13999,samsung,green,64,android,samsung,Full HD,6.6
19990,oppo,black,32,android,mediatek,Full HD,6.0
15990,oppo,black,64,android,qualcomm,HD,6.5
24999,xiaomi,purple,128,android,mediatek,Full HD,6.7
30546,oneplus,green,256,android,unknown,Full HD,6.7
6463,apple,green,256,ios,apple,Full HD,5.4
10999,redmi,blue,128,android,qualcomm,HD,6.7
1463,apple,red,256,ios,apple,Full HD,6.1
11999,realme,blue,64,android,qualcomm,HD,6.5
14049,samsung,green,128,android,unknown,HD,6.5
18499,redmi,blue,128,android,mediatek,Full HD,6.4
13810,tecno,blue,256,android,mediatek,4K,6.7
18990,vivo,blue,128,android,mediatek,HD,6.5
6489,redmi,blue,32,android,unknown,Full HD,6.5
25537,mi,white,256,android,qualcomm,Full HD,6.7
9999,infinix,blue,64,android,mediatek,Full HD,6.7
11999,realme,silver,32,android,mediatek,HD,6.5
25999,vivo,black,256,android,qualcomm,Full HD,6.4
17676,oneplus,blue,128,android,unknown,Full HD,6.6
9239,tecno,gold,64,android,mediatek,4K,6.6
10397,redmi,black,128,android,unknown,HD,6.5
11370,samsung,blue,64,android,unknown,4K,6.4
5999,realme,black,32,android,unisoc,HD,6.5
8999,motorola,grey,64,android,unisoc,HD,6.5
15499,vivo,blue,128,android,qualcomm,Full HD,6.6
6999,samsung,black,16,android,qualcomm,HD,5.0
32546,apple,black,128,ios,apple,HD,4.7
22999,redmi,blue,256,android,unknown,Full HD,6.7
12499,infinix,black,64,android,mediatek,Full HD,6.7
24990,oneplus,red,256,android,unknown,Full HD,6.4
10999,motorola,grey,64,android,qualcomm,Full HD,6.5
8185,samsung,green,64,android,mediatek,HD,6.5
30546,oneplus,green,256,android,unknown,Full HD,6.7
11499,samsung,blue,64,android,mediatek,HD,6.4
9228,apple,silver,512,ios,apple,Full HD,5.8
15990,oppo,black,64,android,mediatek,HD,6.2
24999,redmi,white,128,android,qualcomm,Full HD,6.4
9999,infinix,black,64,android,unisoc,Full HD,6.7
13990,oppo,blue,128,android,qualcomm,HD,6.5
14999,infinix,black,128,android,mediatek,Full HD,6.8
22636,apple,black,128,ios,apple,Full HD,5.5
27537,samsung,purple,128,android,qualcomm,Full HD,6.5
19864,apple,gold,256,ios,apple,Full HD,5.5
24999,realme,grey,256,android,qualcomm,Full HD,6.4
27990,vivo,white,128,android,qualcomm,Full HD,6.4
7773,apple,silver,512,ios,apple,Full HD,6.7
30636,apple,silver,32,ios,apple,4K,5.5
7290,redmi,blue,32,android,mediatek,HD,6.5
28130,apple,gold,32,ios,apple,HD,4.7
15980,samsung,black,128,android,samsung,Full HD,6.4
13999,redmi,blue,64,android,qualcomm,Full HD,6.7
11999,motorola,black,32,android,qualcomm,HD,6.0
23990,vivo,blue,64,android,qualcomm,Full HD,6.3
16999,redmi,black,64,android,qualcomm,Full HD,6.3
28429,mi,silver,128,android,qualcomm,Full HD,6.7
14990,vivo,blue,128,android,unknown,HD,6.5
18300,oppo,grey,32,android,mediatek,HD,5.5
13363,apple,gold,128,ios,apple,Full HD,6.1
10073,apple,silver,128,ios,apple,Full HD,6.1
14999,infinix,black,128,android,mediatek,Full HD,6.7
89999,oppo,black,256,android,mediatek,Full HD,6.8
21290,redmi,blue,128,android,unknown,Full HD,6.6
18999,samsung,blue,128,android,unknown,4K,6.5
14999,infinix,black,128,android,mediatek,Full HD,6.8
8878,tecno,gold,64,android,mediatek,Full HD,6.6
32037,samsung,white,128,android,samsung,Full HD,6.5
30999,samsung,silver,128,android,mediatek,4K,6.6
11464,apple,silver,256,ios,apple,HD,4.7
13990,oppo,black,64,android,mediatek,HD,6.5
17990,vivo,black,128,android,qualcomm,Full HD,6.6
29999,oppo,black,128,android,mediatek,Full HD,6.4
9499,samsung,blue,32,android,mediatek,HD,6.5
6998,tecno,black,64,android,unknown,HD,6.6
10499,realme,silver,64,android,mediatek,Full HD,6.5
13363,apple,silver,128,ios,apple,Full HD,6.1
27537,realme,blue,128,android,qualcomm,Full HD,6.4
14995,samsung,black,128,android,unknown,Full HD,6.4
16490,oppo,blue,128,android,qualcomm,HD,6.6
16999,infinix,red,64,android,mediatek,4K,5.9
13499,infinix,blue,128,android,mediatek,4K,6.6
16990,vivo,purple,64,android,mediatek,HD,6.2
23837,apple,black,128,ios,apple,HD,6.1
26463,apple,green,512,ios,apple,Full HD,6.1
8400,tecno,white,64,android,unknown,HD,6.6
15537,motorola,black,256,android,qualcomm,Full HD,6.7
7499,realme,black,32,android,unisoc,HD,6.5
19000,samsung,black,128,android,unknown,HD,6.5
23990,redmi,blue,128,android,unknown,Full HD,6.7
9448,redmi,purple,64,android,unknown,HD,6.7
14990,vivo,gold,32,android,mediatek,HD,5.5
18690,oppo,black,128,android,unknown,HD,6.6
9498,samsung,red,32,android,unisoc,HD,6.5
17754,vivo,grey,128,android,qualcomm,Full HD,6.6
11499,realme,silver,64,android,mediatek,Full HD,6.5
9999,motorola,blue,64,android,mediatek,HD,6.5
28990,oppo,white,128,android,mediatek,Full HD,6.5
5999,redmi,black,16,android,qualcomm,HD,5.0
24999,motorola,grey,128,android,qualcomm,Full HD,6.7
23990,samsung,blue,128,android,qualcomm,Full HD,6.6
28990,apple,white,64,ios,apple,HD,4.7
8999,redmi,grey,32,android,qualcomm,HD,5.0
10999,vivo,green,64,android,mediatek,HD,6.5
24999,motorola,grey,128,android,qualcomm,Full HD,6.5
8490,vivo,blue,32,android,mediatek,HD,6.2
17490,redmi,black,128,android,unknown,Full HD,6.7
9900,oppo,white,32,android,mediatek,HD,6.5
10999,infinix,black,64,android,mediatek,Full HD,6.7
15990,tecno,blue,128,android,mediatek,HD,6.8
14999,redmi,red,64,android,qualcomm,Full HD,6.3
12990,oppo,green,64,android,mediatek,HD,6.5
7364,samsung,grey,32,android,mediatek,HD,6.5
30490,oneplus,black,128,android,unknown,Full HD,6.7
20537,xiaomi,black,256,android,qualcomm,Full HD,6.7
9498,samsung,red,32,android,unisoc,HD,6.5
32999,oppo,blue,256,android,mediatek,Full HD,6.7
11290,redmi,black,64,android,unknown,Full HD,6.5
13199,redmi,blue,64,android,unknown,Full HD,6.7
13499,redmi,white,64,android,unknown,Full HD,6.7
39990,oppo,black,128,android,unknown,HD,6.4
14699,tecno,blue,128,android,mediatek,HD,6.6
23999,vivo,gold,128,android,mediatek,Full HD,6.4
9490,oppo,black,32,android,mediatek,HD,6.5
13999,tecno,white,128,android,mediatek,HD,6.6
13999,realme,black,64,android,mediatek,Full HD,6.4
32537,samsung,green,128,android,unknown,Full HD,6.7
10990,vivo,black,32,android,qualcomm,HD,6.3
9499,oppo,blue,64,android,mediatek,HD,6.6
9999,infinix,white,64,android,unisoc,HD,6.6
14463,apple,blue,256,ios,apple,Full HD,6.1
15999,samsung,green,64,android,samsung,Full HD,6.6
3537,apple,blue,128,ios,apple,Full HD,6.1
15999,tecno,silver,128,android,mediatek,4K,6.9
24537,samsung,black,128,android,qualcomm,Full HD,6.5
26364,apple,red,256,ios,apple,HD,6.1
9499,tecno,green,64,android,mediatek,HD,6.6
17999,samsung,black,128,android,unknown,4K,6.5
16999,motorola,grey,64,android,qualcomm,Full HD,6.8
7790,redmi,black,32,android,unknown,HD,6.5
30636,apple,red,128,ios,apple,HD,4.7
19990,vivo,blue,64,android,qualcomm,Full HD,6.4
7999,motorola,red,32,android,mediatek,HD,6.5
45999,oppo,black,256,android,mediatek,Full HD,6.7
16990,oppo,black,128,android,qualcomm,Full HD,6.6
9990,tecno,blue,64,android,unisoc,HD,6.6
26999,oneplus,blue,128,android,unknown,4K,6.4
8788,tecno,blue,64,android,mediatek,4K,6.6
8482,redmi,black,32,android,unknown,HD,6.5
6499,realme,blue,32,android,unisoc,HD,6.5
11999,infinix,purple,128,android,mediatek,Full HD,6.8
13828,apple,grey,512,ios,apple,Full HD,6.5
8499,samsung,grey,32,android,mediatek,HD,6.5
15999,redmi,white,128,android,qualcomm,Full HD,6.3
32495,oneplus,blue,128,android,unknown,Full HD,6.7
12879,samsung,blue,128,android,unknown,HD,6.6
21070,samsung,purple,128,android,samsung,Full HD,6.4
30636,samsung,blue,256,android,samsung,Full HD,6.5
32537,oneplus,green,256,android,unknown,Full HD,6.5
23999,redmi,silver,256,android,mediatek,Full HD,6.6
20999,samsung,black,128,android,mediatek,HD,6.5
27990,vivo,black,256,android,mediatek,Full HD,6.4
17000,samsung,black,64,android,qualcomm,HD,6.0
22898,samsung,black,128,android,unknown,4K,6.5
8999,realme,grey,32,android,mediatek,HD,6.5
15990,vivo,black,64,android,qualcomm,Full HD,6.5
10999,motorola,black,64,android,mediatek,HD,6.5
12999,redmi,black,64,android,qualcomm,Full HD,6.3
29990,apple,grey,32,ios,apple,HD,4.7
32536,mi,silver,128,android,qualcomm,Full HD,6.7
7450,tecno,blue,32,android,mediatek,HD,6.5
8999,infinix,blue,32,android,mediatek,Full HD,5.7
28999,redmi,black,128,android,qualcomm,Full HD,6.4
10499,samsung,white,32,android,qualcomm,HD,6.5
9537,apple,purple,128,ios,apple,Full HD,5.4
11499,infinix,green,64,android,mediatek,4K,6.6
29499,samsung,silver,128,android,qualcomm,Full HD,6.7
19927,apple,silver,512,ios,apple,Full HD,6.1
13998,tecno,black,128,android,mediatek,4K,6.9
22990,oppo,blue,128,android,qualcomm,Full HD,6.4
15499,samsung,black,128,android,samsung,Full HD,6.6
1463,apple,black,256,ios,apple,Full HD,6.1
13999,redmi,white,64,android,qualcomm,Full HD,6.3
3073,apple,black,128,ios,apple,Full HD,6.7
24990,vivo,black,64,android,mediatek,Full HD,6.3
3927,apple,silver,512,ios,apple,Full HD,6.7
15999,samsung,red,64,android,samsung,Full HD,6.6
12990,samsung,green,128,android,samsung,Full HD,6.6
15499,samsung,blue,128,android,samsung,Full HD,6.6
5073,apple,green,512,ios,apple,Full HD,6.1
27537,oneplus,black,128,android,unknown,Full HD,6.5
7199,infinix,blue,32,android,mediatek,HD,6.5
23837,apple,white,128,ios,apple,HD,6.1
16999,redmi,blue,64,android,qualcomm,Full HD,6.3
9499,vivo,blue,32,android,mediatek,HD,6.5
29990,vivo,blue,128,android,mediatek,Full HD,6.6
15999,vivo,blue,128,android,mediatek,Full HD,6.6
7999,infinix,blue,32,android,mediatek,HD,6.2
8650,tecno,blue,64,android,mediatek,HD,6.5
12499,infinix,purple,128,android,mediatek,Full HD,7.0
6927,apple,purple,256,ios,apple,Full HD,6.7
12999,redmi,purple,64,android,qualcomm,Full HD,6.3
28546,oneplus,black,256,android,unknown,Full HD,6.7
31500,apple,gold,32,ios,apple,HD,4.7
11990,oppo,black,64,android,mediatek,HD,6.5
25900,samsung,gold,32,android,samsung,Full HD,5.7
12999,infinix,blue,128,android,unisoc,HD,6.6
14990,oppo,blue,128,android,qualcomm,Full HD,6.6
9228,apple,gold,512,ios,apple,Full HD,5.8
20990,samsung,silver,128,android,samsung,Full HD,6.5
23999,realme,green,128,android,mediatek,Full HD,6.7
10999,infinix,green,64,android,mediatek,Full HD,6.8
24999,vivo,gold,128,android,mediatek,Full HD,6.4
13499,samsung,black,128,android,mediatek,HD,6.4
23999,oneplus,blue,128,android,unknown,4K,6.4
30063,apple,blue,128,ios,apple,Full HD,6.7
16999,redmi,blue,128,android,unknown,Full HD,6.5
20990,samsung,black,128,android,unknown,4K,6.7
8200,samsung,gold,16,android,qualcomm,HD,5.0
5900,samsung,blue,16,android,samsung,HD,5.0
25999,samsung,blue,128,android,samsung,Full HD,6.4
11309,oppo,white,64,android,unknown,HD,6.5
21999,oneplus,silver,256,android,unknown,4K,6.4
15999,infinix,black,128,android,mediatek,Full HD,6.7
9080,tecno,black,64,android,unknown,HD,6.5
9999,realme,blue,64,android,unisoc,HD,6.5
6495,tecno,blue,32,android,unisoc,HD,6.5
13980,redmi,purple,64,android,mediatek,Full HD,6.4
17636,apple,blue,64,ios,apple,HD,6.1
30990,samsung,black,128,android,unknown,4K,6.5
16537,apple,silver,64,ios,apple,Full HD,5.5
73,apple,silver,256,ios,apple,Full HD,6.1
8999,infinix,purple,32,android,mediatek,HD,6.8
6999,realme,blue,32,android,unisoc,HD,6.5
5964,apple,grey,128,ios,apple,HD,4.7
16999,redmi,gold,64,android,qualcomm,Full HD,6.0
29198,oneplus,grey,256,android,unknown,Full HD,6.7
12799,tecno,blue,128,android,mediatek,HD,6.8
536,samsung,green,256,android,unknown,Full HD,6.1
10999,redmi,purple,128,android,mediatek,Full HD,6.6
16795,redmi,blue,64,android,unknown,Full HD,6.6
29992,oneplus,grey,256,android,unknown,4K,6.4
16999,redmi,silver,128,android,unknown,Full HD,6.6
12499,redmi,black,128,android,unknown,Full HD,6.6
15636,apple,red,64,ios,apple,Full HD,5.5
13989,oppo,black,64,android,mediatek,HD,6.6
20999,realme,blue,128,android,qualcomm,Full HD,6.5
21563,apple,gold,64,ios,apple,Full HD,5.8
23990,mi,black,128,android,unknown,Full HD,6.7
15537,apple,grey,64,ios,apple,HD,4.7
13499,redmi,gold,64,android,qualcomm,HD,6.0
24537,samsung,purple,128,android,qualcomm,Full HD,6.5
12999,realme,blue,128,android,qualcomm,HD,6.5
17999,infinix,black,64,android,mediatek,4K,6.0
9999,realme,blue,64,android,unisoc,HD,6.5
25036,oneplus,green,256,android,unknown,Full HD,6.7
13999,vivo,blue,128,android,mediatek,Full HD,6.6
10999,realme,green,64,android,qualcomm,HD,6.5
21249,oneplus,grey,256,android,unknown,Full HD,6.7
30163,apple,green,64,ios,apple,Full HD,6.5
15485,redmi,blue,128,android,unknown,HD,6.4
22537,oneplus,black,128,android,unknown,4K,6.6
19999,samsung,blue,128,android,qualcomm,HD,6.5
13999,infinix,green,64,android,mediatek,Full HD,7.0
9999,motorola,grey,32,android,mediatek,HD,5.5
32990,oppo,white,128,android,mediatek,Full HD,6.4
13537,vivo,blue,256,android,qualcomm,Full HD,6.6
27999,realme,green,256,android,mediatek,Full HD,6.7
27546,vivo,blue,128,android,qualcomm,Full HD,6.6
13648,tecno,green,128,android,mediatek,4K,6.8
9999,motorola,blue,64,android,mediatek,HD,6.5
27537,apple,red,128,ios,apple,HD,4.7
15537,apple,gold,16,ios,apple,4K,5.5
11890,redmi,black,64,android,unknown,Full HD,6.5
6969,redmi,gold,32,android,mediatek,HD,5.5
10999,infinix,purple,64,android,mediatek,Full HD,6.8
24537,vivo,black,256,android,mediatek,Full HD,6.8
11990,samsung,black,128,android,qualcomm,HD,6.5
19990,samsung,blue,128,android,samsung,4K,6.6
26999,redmi,purple,256,android,mediatek,Full HD,6.7
29546,oneplus,green,256,android,unknown,Full HD,6.7
8991,samsung,blue,32,android,unisoc,HD,6.5
13536,samsung,black,128,android,qualcomm,4K,6.7
12990,redmi,blue,128,android,unknown,HD,6.5
23999,mi,blue,64,android,qualcomm,Full HD,6.7
9670,redmi,black,64,android,unknown,HD,6.7
28990,apple,black,64,ios,apple,HD,4.7
16999,motorola,blue,128,android,mediatek,Full HD,6.5
21563,apple,green,64,ios,apple,Full HD,5.8
7299,motorola,green,64,android,unisoc,HD,6.5
31609,samsung,green,512,android,qualcomm,4K,7.6
24000,samsung,white,64,android,samsung,4K,6.4
16999,vivo,gold,128,android,qualcomm,Full HD,6.6
7449,realme,blue,32,android,unisoc,HD,6.5
3036,samsung,blue,64,android,samsung,2K,5.8
14999,redmi,white,128,android,mediatek,Full HD,6.5
28537,realme,white,128,android,mediatek,Full HD,6.7
11975,samsung,white,64,android,samsung,HD,6.5
11999,realme,blue,32,android,qualcomm,HD,6.5
13499,infinix,black,128,android,mediatek,4K,6.6
21546,vivo,gold,256,android,mediatek,Full HD,6.6
18990,oppo,purple,256,android,mediatek,Full HD,6.4
11637,tecno,blue,64,android,mediatek,4K,7.0
11200,samsung,gold,16,android,samsung,Full HD,5.5
15537,apple,gold,64,ios,apple,HD,4.7
22980,oneplus,blue,64,android,qualcomm,Full HD,6.4
25546,vivo,black,128,android,qualcomm,Full HD,6.6
10990,oppo,silver,64,android,qualcomm,HD,6.2
7999,motorola,black,64,android,mediatek,HD,6.5
26999,xiaomi,purple,128,android,mediatek,Full HD,6.7
25999,realme,blue,128,android,mediatek,Full HD,6.7
25999,mi,silver,128,android,unknown,4K,6.7
22999,oneplus,silver,128,android,unknown,4K,6.4
25636,apple,silver,64,ios,apple,HD,4.7
9999,motorola,silver,64,android,mediatek,HD,6.5
11490,redmi,black,64,android,qualcomm,Full HD,6.5
31546,oneplus,grey,256,android,unknown,Full HD,6.7
26999,samsung,green,128,android,unknown,Full HD,6.7
32537,oppo,blue,256,android,mediatek,Full HD,6.7
21450,samsung,black,128,android,samsung,Full HD,6.4
15999,redmi,blue,128,android,qualcomm,Full HD,6.7
6999,infinix,purple,64,android,mediatek,HD,6.6
5537,vivo,black,256,android,mediatek,Full HD,6.8
12185,samsung,black,64,android,samsung,HD,6.4
32546,apple,white,128,ios,apple,HD,4.7
13586,realme,black,128,android,unknown,4K,6.7
12890,vivo,gold,64,android,unknown,HD,6.5
9990,realme,black,32,android,qualcomm,HD,6.2
11490,oppo,black,64,android,mediatek,HD,6.5
25802,oneplus,silver,128,android,unknown,Full HD,6.7
8795,tecno,blue,64,android,mediatek,4K,6.6
9498,tecno,black,64,android,unknown,4K,6.8
23837,apple,white,128,ios,apple,HD,6.1
15490,vivo,blue,128,android,mediatek,Full HD,6.6
9537,apple,red,128,ios,apple,Full HD,5.4
18990,oppo,blue,64,android,qualcomm,HD,6.2
14699,tecno,white,128,android,mediatek,4K,6.8
16999,redmi,black,128,android,qualcomm,Full HD,6.3
17000,redmi,black,128,android,mediatek,Full HD,6.4
8499,realme,black,64,android,unisoc,HD,6.5
28537,apple,black,64,ios,apple,HD,6.1
14889,redmi,blue,64,android,mediatek,Full HD,6.4
34990,oppo,white,128,android,qualcomm,Full HD,6.5
10999,infinix,black,64,android,mediatek,Full HD,6.8
13999,samsung,white,64,android,samsung,HD,6.5
20990,oppo,gold,64,android,mediatek,Full HD,5.5
20990,oppo,black,64,android,mediatek,Full HD,5.5
11799,vivo,blue,64,android,mediatek,HD,6.5
31000,samsung,red,128,android,samsung,4K,6.7
24999,motorola,green,128,android,qualcomm,Full HD,6.5
29537,realme,blue,256,android,qualcomm,Full HD,6.5
15990,oppo,blue,64,android,mediatek,HD,6.2
32537,redmi,white,256,android,mediatek,Full HD,6.7
27250,vivo,blue,256,android,mediatek,Full HD,6.4
60990,oppo,blue,256,android,qualcomm,Full HD,6.4
9537,apple,gold,128,ios,apple,HD,4.7
24364,apple,silver,64,ios,apple,Full HD,5.8
7990,tecno,blue,32,android,mediatek,HD,6.5
20999,xiaomi,blue,128,android,qualcomm,4K,6.5
19864,apple,gold,256,ios,apple,Full HD,5.5
24999,motorola,silver,128,android,qualcomm,Full HD,6.7
16999,infinix,black,256,android,mediatek,Full HD,7.0
23636,apple,green,16,ios,apple,HD,4.0
19990,oppo,blue,128,android,mediatek,Full HD,6.4
23537,samsung,grey,128,android,qualcomm,Full HD,6.7
23537,vivo,blue,256,android,qualcomm,Full HD,6.6
6299,redmi,green,32,android,mediatek,HD,6.5
28858,xiaomi,white,256,android,unknown,4K,6.7
18990,oppo,gold,64,android,qualcomm,HD,6.2
8799,motorola,black,64,android,mediatek,HD,6.5
16999,samsung,blue,64,android,unknown,HD,6.5
11999,redmi,black,64,android,qualcomm,Full HD,6.0
22970,xiaomi,blue,128,android,qualcomm,4K,6.5
10490,oppo,black,32,android,qualcomm,HD,6.5
26273,apple,blue,256,ios,apple,Full HD,6.7
23999,samsung,silver,128,android,qualcomm,Full HD,6.6
6609,samsung,black,256,android,qualcomm,4K,7.6
6172,apple,gold,256,ios,apple,Full HD,6.5
17999,samsung,blue,128,android,mediatek,HD,6.5
20990,oppo,white,128,android,mediatek,Full HD,6.4
16499,samsung,blue,128,android,samsung,Full HD,6.4
19888,redmi,white,128,android,unknown,Full HD,6.7
5999,realme,green,32,android,unisoc,HD,6.5
21999,mi,black,128,android,qualcomm,Full HD,6.5
31999,oneplus,blue,128,android,unknown,Full HD,6.7
14999,realme,gold,64,android,mediatek,Full HD,6.6
9999,vivo,blue,32,android,mediatek,HD,6.5
31999,samsung,white,128,android,samsung,Full HD,6.5
14990,vivo,blue,64,android,qualcomm,HD,6.5
15999,samsung,black,64,android,samsung,Full HD,6.4
17900,samsung,gold,64,android,samsung,Full HD,5.5
3927,apple,green,512,ios,apple,Full HD,6.7
22990,oppo,blue,128,android,mediatek,Full HD,6.4
14499,realme,black,64,android,qualcomm,Full HD,6.6
24999,mi,white,32,android,qualcomm,Full HD,5.2
9999,samsung,blue,64,android,samsung,HD,5.6
11172,apple,silver,128,ios,apple,Full HD,6.1
39990,oppo,black,128,android,unknown,HD,6.4
23999,samsung,grey,128,android,samsung,HD,6.6
12636,apple,blue,128,ios,apple,HD,6.1
28990,apple,white,64,ios,apple,HD,4.7
29990,apple,gold,32,ios,apple,HD,4.7
19900,samsung,gold,32,android,mediatek,Full HD,5.7
13999,redmi,gold,64,android,qualcomm,Full HD,6.7
18500,oppo,black,64,android,mediatek,Full HD,6.5
31999,samsung,black,128,android,samsung,Full HD,6.5
11499,samsung,blue,64,android,unisoc,HD,6.5
31999,realme,blue,128,android,qualcomm,Full HD,6.6
14463,apple,red,128,ios,apple,Full HD,6.7
26927,apple,purple,512,ios,apple,Full HD,6.7
22636,apple,black,128,ios,apple,Full HD,5.5
463,samsung,white,128,android,unknown,Full HD,6.1
17996,samsung,blue,128,android,unknown,4K,6.7
5964,apple,silver,128,ios,apple,HD,4.7
6490,redmi,gold,16,android,unknown,HD,5.5
16990,vivo,white,64,android,qualcomm,HD,6.5
15999,redmi,black,64,android,qualcomm,Full HD,6.3
8537,apple,black,256,ios,apple,Full HD,5.4
24999,mi,black,32,android,qualcomm,Full HD,5.2
7499,realme,blue,32,android,unisoc,HD,6.5
24609,samsung,black,256,android,qualcomm,4K,7.6
10999,redmi,black,128,android,qualcomm,HD,6.7
24037,oneplus,black,256,android,unknown,4K,6.6
29537,vivo,blue,256,android,mediatek,Full HD,6.6
21999,tecno,black,128,ios,unknown,4K,6.8
20990,vivo,blue,128,android,qualcomm,Full HD,6.5
22537,oneplus,black,128,android,unknown,2K,6.7
8999,samsung,black,16,android,samsung,HD,5.5
29998,oneplus,red,128,android,unknown,4K,6.3
13999,samsung,black,64,android,samsung,Full HD,6.6
23990,vivo,blue,64,android,qualcomm,Full HD,6.3
8299,infinix,purple,64,android,mediatek,HD,6.8
15537,apple,gold,16,ios,apple,4K,5.5
29999,infinix,silver,256,android,mediatek,Full HD,6.8
20990,oppo,black,128,android,mediatek,Full HD,6.4
32999,oppo,silver,256,android,mediatek,Full HD,6.7
7309,redmi,blue,64,android,unknown,Full HD,6.5
17999,oneplus,blue,128,android,unknown,Full HD,6.4
19999,samsung,green,128,android,qualcomm,Full HD,6.6
16290,vivo,blue,128,android,qualcomm,Full HD,6.6
10749,motorola,blue,64,android,mediatek,HD,6.5
9999,realme,gold,64,android,unisoc,HD,6.5
17499,mi,black,64,android,qualcomm,Full HD,6.0
9463,samsung,green,128,android,qualcomm,Full HD,6.1
17499,mi,black,128,android,qualcomm,Full HD,6.5
9463,samsung,black,128,android,qualcomm,Full HD,6.1
25999,realme,blue,128,android,qualcomm,Full HD,6.5
6999,infinix,black,64,android,mediatek,HD,6.6
12999,realme,blue,128,android,mediatek,Full HD,6.6
8999,samsung,red,32,android,qualcomm,4K,6.4
29489,oppo,black,256,android,mediatek,Full HD,6.5
7999,infinix,gold,32,android,mediatek,HD,5.5
26463,apple,blue,512,ios,apple,Full HD,6.1
27499,samsung,white,128,android,qualcomm,Full HD,6.4
28990,oneplus,silver,128,android,qualcomm,Full HD,6.5
32537,oppo,blue,256,android,mediatek,Full HD,6.7
20464,samsung,blue,256,android,samsung,Full HD,6.7
21990,oppo,purple,64,android,mediatek,Full HD,6.3
31999,realme,black,128,android,qualcomm,Full HD,6.6
8537,apple,purple,128,ios,apple,Full HD,6.1
24537,samsung,purple,128,android,unknown,Full HD,6.5
27537,vivo,blue,128,android,mediatek,Full HD,6.8
4463,apple,purple,128,ios,apple,Full HD,6.1
31999,redmi,white,256,android,qualcomm,Full HD,6.4
22300,samsung,blue,64,android,samsung,Full HD,6.0
8999,infinix,blue,64,android,unisoc,HD,6.8
13999,samsung,blue,64,android,samsung,Full HD,6.4
6999,motorola,gold,16,android,mediatek,HD,5.0
12999,redmi,black,32,android,qualcomm,Full HD,6.3
8990,oppo,silver,32,android,mediatek,HD,6.2
22990,oppo,black,64,android,mediatek,Full HD,6.2
11499,samsung,blue,32,android,mediatek,HD,6.5
11999,redmi,black,128,android,unknown,HD,6.5
30537,motorola,gold,128,android,qualcomm,Full HD,6.5
19979,vivo,gold,128,android,mediatek,Full HD,6.6
10999,infinix,blue,64,android,mediatek,HD,6.6
16999,samsung,white,128,android,unknown,HD,6.5
31609,samsung,black,512,android,qualcomm,4K,7.6
19364,apple,grey,256,ios,apple,Full HD,5.5
27636,apple,gold,32,ios,apple,Full HD,5.5
9990,oppo,gold,64,android,mediatek,HD,6.6
10999,infinix,green,64,android,mediatek,HD,6.8
25537,samsung,white,128,android,qualcomm,Full HD,6.7
12999,samsung,black,64,android,mediatek,HD,6.4
23737,oneplus,grey,128,android,unknown,2K,6.7
27699,samsung,black,128,android,samsung,Full HD,6.4
29990,oppo,blue,256,android,mediatek,Full HD,6.4
21639,oneplus,blue,256,android,unknown,Full HD,6.5
11498,realme,blue,64,android,mediatek,HD,6.5
6499,infinix,black,32,android,mediatek,HD,6.1
22990,oppo,black,64,android,qualcomm,Full HD,6.0
17999,oppo,blue,128,android,qualcomm,Full HD,6.6
16546,oneplus,green,256,android,unknown,Full HD,6.7
21499,motorola,grey,128,android,qualcomm,Full HD,6.6
89999,oppo,purple,256,android,mediatek,Full HD,6.8
31500,apple,silver,32,ios,apple,HD,4.7
20990,oppo,blue,128,android,mediatek,Full HD,6.4
11537,apple,blue,64,ios,apple,Full HD,6.1
30633,oneplus,black,128,android,unknown,Full HD,6.7
6999,redmi,blue,32,android,mediatek,HD,5.5
8864,apple,black,256,ios,apple,HD,4.7
10999,realme,black,64,android,unisoc,HD,6.7
11999,infinix,green,128,android,mediatek,Full HD,6.8
8999,redmi,white,32,android,qualcomm,HD,6.2
13999,oppo,green,64,android,mediatek,HD,6.6
19949,vivo,white,128,android,qualcomm,Full HD,6.5
17990,oppo,black,128,android,mediatek,HD,6.5
10636,apple,red,256,ios,apple,HD,4.7
14640,samsung,blue,128,android,unknown,4K,6.4
22990,oppo,black,128,android,mediatek,Full HD,6.4
9999,infinix,green,64,android,mediatek,HD,6.8
20999,samsung,black,128,android,samsung,Full HD,6.5
13490,oppo,black,16,android,mediatek,HD,5.2
6499,tecno,blue,64,android,unknown,HD,6.6
12999,realme,blue,128,android,mediatek,HD,6.5
11537,apple,black,64,ios,apple,Full HD,6.1
24999,realme,blue,128,android,mediatek,Full HD,6.7
8288,tecno,blue,32,android,mediatek,HD,6.5
31500,apple,black,32,ios,apple,HD,4.7
12999,redmi,red,32,android,qualcomm,Full HD,6.3
11499,infinix,black,64,android,mediatek,4K,6.6
26537,samsung,black,128,android,qualcomm,Full HD,6.5
7999,realme,black,32,android,mediatek,HD,6.1
9499,vivo,green,32,android,mediatek,HD,6.5
18990,vivo,black,128,android,mediatek,HD,6.5
13980,redmi,black,64,android,mediatek,Full HD,6.4
30636,apple,gold,128,ios,apple,HD,4.7
9299,redmi,black,64,android,mediatek,Full HD,6.6
23927,samsung,green,256,android,qualcomm,4K,7.6
17999,redmi,blue,128,android,qualcomm,Full HD,6.3
19499,samsung,blue,128,android,unknown,HD,6.5
12185,samsung,black,64,android,samsung,4K,6.4
11998,realme,blue,128,android,unisoc,HD,6.5
9999,motorola,grey,64,android,mediatek,HD,6.5
20500,mi,red,128,android,qualcomm,Full HD,6.0
30999,vivo,black,128,android,mediatek,Full HD,6.4
15999,infinix,blue,256,android,mediatek,Full HD,6.8
14699,redmi,black,64,android,unknown,Full HD,6.4
9999,redmi,black,64,android,qualcomm,HD,6.7
20990,oppo,gold,64,android,mediatek,Full HD,5.5
7999,infinix,gold,64,android,mediatek,HD,6.6
12900,samsung,blue,32,android,qualcomm,HD,6.5
22663,apple,gold,256,ios,apple,Full HD,6.1
9490,samsung,blue,32,android,qualcomm,2K,6.3
15990,oppo,gold,64,android,mediatek,HD,6.2
20999,xiaomi,blue,128,android,unknown,4K,6.5
15636,apple,gold,64,ios,apple,Full HD,5.5
32546,vivo,blue,128,android,qualcomm,Full HD,6.4
27499,samsung,blue,128,android,samsung,Full HD,6.4
29537,realme,black,256,android,qualcomm,Full HD,6.6
3537,apple,green,128,ios,apple,Full HD,5.4
15990,redmi,gold,64,android,qualcomm,Full HD,6.7
13402,samsung,black,128,android,unknown,Full HD,6.4
19728,apple,green,512,ios,apple,Full HD,6.5
8537,apple,red,128,ios,apple,Full HD,6.1
7299,tecno,blue,64,android,unknown,HD,6.6
11999,redmi,gold,64,android,qualcomm,Full HD,6.0
17999,redmi,white,128,android,qualcomm,Full HD,6.7
22999,vivo,black,128,android,mediatek,Full HD,6.6
12990,vivo,blue,64,android,qualcomm,HD,6.5
10999,infinix,green,64,android,mediatek,Full HD,7.0
11990,oppo,blue,64,android,qualcomm,HD,6.5
13990,oppo,blue,64,android,qualcomm,Full HD,6.4
21990,oppo,green,128,android,qualcomm,HD,6.5
10900,oppo,black,64,android,qualcomm,HD,6.5
9689,tecno,black,128,android,unisoc,HD,6.6
28858,xiaomi,black,128,android,unknown,4K,6.7
28990,apple,red,64,ios,apple,HD,4.7
11999,vivo,gold,64,android,mediatek,HD,6.5
26999,realme,blue,128,android,mediatek,Full HD,6.4
30636,apple,gold,32,ios,apple,4K,5.5
14999,redmi,blue,128,android,qualcomm,Full HD,6.7
9999,infinix,black,64,android,mediatek,HD,6.6
8888,redmi,green,64,android,unknown,HD,6.7
20999,oneplus,black,256,android,unknown,4K,6.3
14499,samsung,white,64,android,samsung,Full HD,6.6
15499,realme,blue,64,android,mediatek,Full HD,6.5
13490,oppo,black,32,android,mediatek,HD,5.7
10499,samsung,blue,128,android,samsung,Full HD,6.6
14990,samsung,green,128,android,unknown,HD,6.5
1172,apple,gold,128,ios,apple,Full HD,6.7
9999,tecno,black,64,android,mediatek,HD,6.6
8999,redmi,black,32,android,qualcomm,HD,6.2
11899,vivo,blue,64,android,qualcomm,HD,6.5
27537,realme,silver,128,android,qualcomm,Full HD,6.4
6990,redmi,blue,32,android,unknown,HD,6.3
10999,realme,grey,64,android,unisoc,HD,6.5
31999,oneplus,green,128,android,qualcomm,Full HD,6.5
11999,tecno,grey,64,android,mediatek,HD,7.0
11249,motorola,grey,64,android,qualcomm,Full HD,6.6
24999,xiaomi,green,128,android,mediatek,Full HD,6.7
26999,xiaomi,green,128,android,mediatek,Full HD,6.7
32699,apple,red,64,ios,apple,HD,4.7
10999,samsung,blue,32,android,samsung,Full HD,6.4
20990,redmi,blue,128,android,unknown,Full HD,6.6
17999,realme,black,128,android,qualcomm,Full HD,6.4
9990,vivo,black,16,android,qualcomm,HD,5.0
10999,redmi,green,128,android,mediatek,Full HD,6.6
12980,redmi,red,128,android,qualcomm,Full HD,6.5
8049,realme,green,32,android,unisoc,HD,6.5
14999,mi,blue,64,android,qualcomm,HD,6.1
16990,oppo,purple,128,android,mediatek,4K,6.5
28546,oneplus,blue,256,android,unknown,2K,6.7
10999,realme,blue,64,android,unisoc,HD,6.5
24537,samsung,purple,256,android,qualcomm,Full HD,6.4
9980,redmi,purple,64,android,unknown,HD,6.5
23537,apple,white,64,ios,apple,HD,6.1
9499,tecno,white,32,android,unknown,HD,7.0
16990,oppo,red,64,android,mediatek,HD,5.7
28537,apple,white,64,ios,apple,HD,6.1
13999,samsung,green,128,android,samsung,4K,6.6
27172,apple,grey,256,ios,apple,Full HD,5.8
32537,oneplus,silver,256,android,unknown,Full HD,6.5
15499,motorola,grey,128,android,qualcomm,Full HD,6.5
14999,mi,silver,32,android,qualcomm,Full HD,6.4
12499,tecno,purple,64,android,mediatek,HD,6.5
26999,vivo,blue,128,android,qualcomm,Full HD,6.6
18999,samsung,blue,128,android,unknown,HD,6.5
11999,motorola,grey,64,android,mediatek,Full HD,6.4
14537,apple,purple,64,ios,apple,Full HD,5.4
8990,redmi,grey,64,android,unknown,HD,6.5
31000,samsung,white,128,android,qualcomm,4K,6.7
15990,oppo,blue,128,android,mediatek,HD,6.5
14964,apple,grey,128,ios,apple,Full HD,5.5
24999,redmi,blue,128,android,mediatek,Full HD,6.7
7590,tecno,blue,64,android,unknown,HD,6.6
8999,infinix,gold,64,android,unisoc,HD,6.8
16970,oppo,white,128,android,qualcomm,Full HD,6.5
18937,apple,red,256,ios,apple,HD,4.7
21999,mi,blue,128,android,qualcomm,Full HD,6.5
13499,realme,blue,128,android,qualcomm,Full HD,6.6
10499,realme,black,64,android,mediatek,HD,6.5
12999,redmi,blue,64,android,qualcomm,Full HD,6.3
16999,redmi,green,128,android,mediatek,Full HD,6.6
19990,redmi,black,128,android,unknown,Full HD,6.6
22663,apple,blue,256,ios,apple,Full HD,6.1
18600,samsung,blue,64,android,samsung,HD,1.8
14537,apple,red,64,ios,apple,Full HD,5.4
22636,apple,gold,128,ios,apple,Full HD,5.5
10537,vivo,black,128,android,mediatek,Full HD,6.8
23900,vivo,gold,128,android,mediatek,Full HD,6.4
6999,tecno,blue,32,android,mediatek,HD,6.5
11537,apple,green,64,ios,apple,Full HD,6.1
21499,motorola,white,128,android,qualcomm,Full HD,6.6
22990,oppo,black,64,android,mediatek,Full HD,6.2
6877,tecno,purple,32,android,mediatek,HD,6.6
9849,vivo,blue,32,android,unknown,HD,6.5
10538,oneplus,black,256,android,unknown,2K,6.7
25999,samsung,grey,128,android,samsung,Full HD,6.7
15990,oppo,white,64,android,qualcomm,HD,6.5
6938,redmi,blue,32,android,mediatek,HD,6.5
11999,infinix,silver,128,android,mediatek,Full HD,6.8
6999,redmi,gold,16,android,qualcomm,HD,5.0
15537,apple,gold,128,ios,apple,HD,4.7
8714,redmi,purple,64,android,unknown,HD,6.7
20990,redmi,white,128,android,unknown,Full HD,6.6
14999,vivo,black,128,android,mediatek,Full HD,6.6
10449,tecno,blue,64,android,mediatek,HD,6.8
6999,redmi,black,32,android,mediatek,HD,5.5
20537,apple,white,128,ios,apple,HD,6.1
27172,apple,gold,256,ios,apple,Full HD,5.8
16999,vivo,gold,128,android,qualcomm,Full HD,6.6
14999,mi,gold,32,android,qualcomm,Full HD,6.4
14499,samsung,black,64,android,mediatek,HD,6.5
12036,apple,white,32,ios,apple,HD,4.0
39999,oppo,purple,256,android,qualcomm,Full HD,6.7
32537,oppo,blue,256,android,mediatek,Full HD,6.7
3537,oneplus,green,256,android,unknown,2K,6.7
11200,samsung,black,16,android,samsung,Full HD,5.5
25999,oneplus,blue,128,android,unknown,4K,6.4
8538,oneplus,black,128,android,unknown,2K,6.7
13945,redmi,white,64,android,unknown,Full HD,6.4
12490,vivo,blue,64,android,unknown,HD,6.5
8299,infinix,blue,64,android,mediatek,HD,6.8
18999,samsung,blue,64,android,samsung,Full HD,6.4
13999,samsung,silver,64,android,samsung,Full HD,6.6
9537,apple,green,128,ios,apple,Full HD,5.4
10999,infinix,black,64,android,mediatek,Full HD,7.0
24537,samsung,white,128,android,qualcomm,Full HD,6.5
9939,tecno,blue,128,android,unisoc,HD,6.6
20880,realme,blue,128,android,mediatek,4K,6.4
9999,vivo,black,32,android,mediatek,HD,6.2
26537,realme,black,256,android,mediatek,Full HD,6.7
9779,oppo,blue,64,android,mediatek,HD,6.6
10999,realme,blue,32,android,mediatek,HD,6.5
16999,redmi,green,128,android,qualcomm,Full HD,6.7
13990,redmi,black,128,android,unknown,Full HD,6.7
25000,apple,silver,16,ios,apple,HD,4.0
21999,samsung,silver,128,android,qualcomm,Full HD,6.6
32537,redmi,blue,256,android,mediatek,Full HD,6.7
13999,tecno,black,128,android,unknown,HD,6.6
26990,vivo,black,64,android,mediatek,Full HD,6.5
17488,redmi,purple,128,android,mediatek,Full HD,6.4
16990,vivo,black,64,android,qualcomm,HD,6.5
31537,realme,white,256,android,qualcomm,Full HD,6.5
10490,redmi,purple,128,android,unknown,HD,6.7
13499,redmi,green,64,android,qualcomm,Full HD,6.5
27636,apple,gold,32,ios,apple,Full HD,5.5
15999,redmi,blue,64,android,qualcomm,Full HD,6.3
13999,oppo,black,64,android,mediatek,HD,6.6
10499,vivo,gold,64,android,mediatek,HD,6.5
24499,oneplus,blue,128,android,unknown,Full HD,6.4
11648,tecno,black,128,android,mediatek,HD,6.6
16999,motorola,white,128,android,mediatek,Full HD,6.5
10899,motorola,green,64,android,qualcomm,Full HD,6.5
14463,apple,purple,256,ios,apple,Full HD,6.1
30063,apple,silver,128,ios,apple,Full HD,6.7
8999,infinix,green,64,android,unisoc,HD,6.8
16999,infinix,white,256,android,mediatek,Full HD,6.8
14999,redmi,white,64,android,unknown,Full HD,6.7
23999,vivo,blue,128,android,qualcomm,Full HD,6.4
16999,redmi,black,64,android,qualcomm,Full HD,6.0
11199,samsung,blue,64,android,unknown,HD,6.6
24999,redmi,red,128,android,qualcomm,Full HD,6.4
13999,oppo,green,128,android,mediatek,HD,6.5
26899,mi,silver,128,android,qualcomm,Full HD,6.7
29730,vivo,blue,128,android,mediatek,Full HD,6.6
14999,vivo,green,128,android,mediatek,Full HD,6.6
23837,apple,red,128,ios,apple,HD,6.1
31999,redmi,black,256,android,qualcomm,Full HD,6.4
7316,redmi,black,64,android,unknown,Full HD,6.5
29546,tecno,silver,256,android,unknown,4K,6.8
34999,oppo,blue,256,android,mediatek,Full HD,6.5
16999,samsung,blue,128,android,mediatek,Full HD,6.4
29992,oneplus,green,256,android,unknown,Full HD,6.4
14599,mi,red,64,android,qualcomm,Full HD,5.5
24999,motorola,grey,128,android,qualcomm,Full HD,6.5
23999,realme,black,128,android,mediatek,Full HD,6.7
10073,apple,black,128,ios,apple,Full HD,6.1
27537,mi,black,128,android,qualcomm,Full HD,6.0
35990,oppo,black,256,android,mediatek,Full HD,6.4
8499,vivo,grey,32,android,mediatek,HD,6.5
14999,redmi,black,128,android,qualcomm,Full HD,6.7
11490,vivo,white,64,android,qualcomm,HD,6.5
9999,redmi,grey,32,android,unknown,HD,6.5
27490,vivo,blue,256,android,mediatek,Full HD,6.4
8290,tecno,green,32,android,unknown,HD,6.5
14537,apple,white,64,ios,apple,Full HD,5.4
15999,vivo,black,128,android,mediatek,Full HD,6.6
14999,samsung,black,128,android,samsung,Full HD,6.6
9990,oppo,red,16,android,qualcomm,HD,6.2
32537,oppo,blue,256,android,mediatek,Full HD,6.7
10190,samsung,black,64,android,qualcomm,HD,6.5
32557,vivo,black,256,android,mediatek,Full HD,6.4
3036,apple,gold,64,ios,apple,HD,4.7
10500,redmi,black,128,android,mediatek,HD,6.7
27537,oneplus,grey,256,android,unknown,4K,6.7
22490,mi,silver,128,android,qualcomm,Full HD,6.7
12999,samsung,black,64,android,samsung,Full HD,6.4
12499,tecno,gold,64,android,mediatek,HD,6.5
8537,apple,white,256,ios,apple,Full HD,5.4
8149,redmi,blue,64,android,unknown,HD,6.5
32537,oneplus,blue,256,android,qualcomm,2K,6.7
15248,redmi,black,128,android,unknown,Full HD,6.6
463,samsung,black,256,android,unknown,Full HD,6.1
7499,infinix,green,32,android,mediatek,HD,6.1
14463,apple,blue,128,ios,apple,Full HD,6.7
54999,oppo,purple,256,android,qualcomm,Full HD,6.7
21073,apple,purple,512,ios,apple,Full HD,6.7
12999,realme,blue,128,android,qualcomm,HD,6.5
19990,vivo,black,32,android,qualcomm,Full HD,6.3
20537,samsung,black,128,android,samsung,Full HD,6.7
8799,tecno,blue,64,android,unknown,HD,6.6
13999,motorola,white,128,android,qualcomm,Full HD,6.6
16999,vivo,gold,128,android,mediatek,HD,6.5
10000,samsung,black,32,android,mediatek,HD,6.2
9999,infinix,green,64,android,unisoc,HD,6.6
9400,samsung,black,32,android,unisoc,HD,6.5
16999,samsung,black,128,android,samsung,HD,6.5
8864,apple,red,256,ios,apple,HD,4.7
11537,samsung,red,128,android,samsung,Full HD,6.5
16199,samsung,purple,64,android,samsung,Full HD,6.4
6999,motorola,black,16,android,mediatek,HD,5.0
21070,samsung,black,128,android,samsung,Full HD,6.4
3537,oneplus,black,256,android,unknown,2K,6.7
12980,redmi,black,64,android,unknown,Full HD,6.4
17999,redmi,white,128,android,qualcomm,Full HD,6.7
10990,vivo,black,32,android,qualcomm,HD,6.2
12331,redmi,black,128,android,unknown,Full HD,6.5
14999,redmi,white,64,android,qualcomm,Full HD,6.4
12887,realme,black,64,android,unknown,4K,6.7
30499,samsung,purple,128,android,qualcomm,Full HD,6.5
32537,samsung,black,128,android,unknown,4K,6.7
19927,apple,purple,512,ios,apple,Full HD,6.1
12246,oneplus,green,256,android,unknown,2K,6.7
16990,redmi,black,128,android,qualcomm,Full HD,6.7
8537,apple,red,256,ios,apple,Full HD,5.4
14248,samsung,blue,64,android,samsung,Full HD,6.4
15636,apple,grey,64,ios,apple,Full HD,5.5
4464,samsung,blue,128,android,samsung,2K,6.1
12999,redmi,silver,64,android,unknown,Full HD,6.6
12749,redmi,gold,64,android,qualcomm,Full HD,5.5
24999,realme,green,128,android,mediatek,Full HD,6.4
8805,redmi,black,64,android,unknown,HD,6.7
10700,tecno,blue,64,android,mediatek,4K,6.9
20537,xiaomi,blue,256,android,qualcomm,Full HD,6.7
16990,vivo,black,64,android,mediatek,HD,6.5
8537,apple,white,128,ios,apple,Full HD,6.1
18998,oneplus,white,16,android,qualcomm,Full HD,5.5
16999,infinix,black,128,android,mediatek,Full HD,6.7
10546,vivo,blue,256,android,qualcomm,Full HD,6.6
15490,oppo,silver,128,android,qualcomm,Full HD,6.4
26499,vivo,black,256,android,mediatek,Full HD,6.4
5999,realme,blue,32,android,unisoc,HD,6.5
13499,vivo,blue,64,android,mediatek,HD,6.5
20500,mi,black,128,android,qualcomm,Full HD,6.0
32537,oppo,blue,256,android,mediatek,Full HD,6.7
6599,redmi,black,32,android,mediatek,HD,6.5
16999,infinix,blue,256,android,mediatek,Full HD,6.7
18999,realme,blue,128,android,qualcomm,Full HD,6.6
16999,infinix,blue,64,android,mediatek,4K,5.9
24373,apple,silver,512,ios,apple,Full HD,6.1
20999,realme,white,128,android,qualcomm,Full HD,6.5
9450,vivo,blue,32,android,mediatek,HD,6.2
32537,oppo,blue,256,android,mediatek,Full HD,6.7
26927,apple,silver,512,ios,apple,Full HD,6.7
31999,samsung,blue,128,android,samsung,Full HD,6.5
30500,samsung,white,128,android,qualcomm,4K,6.7
30636,apple,silver,128,ios,apple,HD,4.7
19999,redmi,black,128,android,mediatek,Full HD,6.5
18990,oppo,black,256,android,mediatek,Full HD,6.4
29990,oppo,black,128,android,mediatek,Full HD,6.5
26364,apple,white,256,ios,apple,HD,6.1
8990,realme,black,16,android,qualcomm,HD,6.2
13999,oppo,black,128,android,qualcomm,Full HD,6.5
30537,samsung,green,128,android,unknown,Full HD,6.7
15999,samsung,blue,64,android,samsung,Full HD,6.4
25537,vivo,black,256,android,mediatek,Full HD,6.8
12990,samsung,green,128,android,samsung,HD,6.5
23999,mi,silver,128,android,qualcomm,Full HD,6.7
18142,oppo,black,128,android,unknown,HD,6.6
3537,apple,red,128,ios,apple,Full HD,6.1
12749,redmi,blue,64,android,qualcomm,Full HD,5.5
12995,redmi,black,64,android,unknown,Full HD,6.4
16290,redmi,blue,128,android,unknown,HD,6.4
21430,xiaomi,black,128,android,qualcomm,4K,6.5
7499,infinix,blue,32,android,mediatek,HD,6.8
21599,redmi,blue,128,android,unknown,Full HD,6.7
24989,oneplus,grey,128,android,unknown,Full HD,6.4
1172,apple,silver,256,ios,apple,Full HD,6.7
3927,apple,gold,512,ios,apple,Full HD,6.7
1463,apple,blue,256,ios,apple,Full HD,6.1
13600,redmi,grey,64,android,qualcomm,HD,6.0
12200,oppo,blue,64,android,mediatek,HD,6.6
29999,oneplus,grey,128,android,unknown,4K,6.4
26999,redmi,blue,256,android,mediatek,Full HD,6.7
11000,samsung,blue,32,android,mediatek,HD,6.2
12989,vivo,black,32,android,mediatek,HD,6.5
16999,redmi,blue,64,android,qualcomm,Full HD,6.0
11599,samsung,blue,64,android,mediatek,HD,6.6
10999,infinix,black,32,android,mediatek,4K,6.0
11535,realme,green,128,android,mediatek,HD,6.5
9990,vivo,blue,32,android,qualcomm,HD,6.3
19728,apple,silver,512,ios,apple,Full HD,6.5
17999,redmi,green,128,android,qualcomm,Full HD,6.4
13499,vivo,blue,128,android,mediatek,HD,6.5
23499,oneplus,blue,128,android,unknown,Full HD,6.4
8537,apple,blue,128,ios,apple,Full HD,6.1
12999,realme,blue,64,android,mediatek,HD,6.5
30636,apple,grey,32,ios,apple,4K,5.5
16999,vivo,black,128,android,mediatek,HD,6.5
10990,samsung,blue,64,android,qualcomm,HD,6.5
18049,oppo,green,256,android,mediatek,Full HD,6.5
24990,vivo,black,128,android,qualcomm,Full HD,6.4
16990,vivo,white,128,android,qualcomm,Full HD,6.6
10999,redmi,green,128,android,qualcomm,HD,6.7
8195,redmi,blue,32,android,unknown,HD,6.5
1172,apple,silver,256,ios,apple,Full HD,6.1
13699,tecno,blue,128,android,mediatek,4K,6.9
12999,tecno,blue,128,android,unknown,4K,6.8
16990,vivo,blue,64,android,qualcomm,HD,6.5
17600,samsung,black,64,android,samsung,4K,6.4
11990,redmi,blue,64,android,unknown,Full HD,6.5
8249,vivo,black,32,android,mediatek,HD,6.2
15499,samsung,green,128,android,qualcomm,Full HD,6.6
7299,infinix,green,64,android,unisoc,HD,6.6
9990,vivo,black,32,android,qualcomm,HD,6.5
12636,apple,blue,128,ios,apple,HD,6.1
14537,apple,blue,64,ios,apple,Full HD,5.4
19546,vivo,black,128,android,unknown,Full HD,6.8
7299,motorola,black,64,android,unisoc,HD,6.5
6499,motorola,black,64,android,unisoc,HD,6.5
14537,apple,blue,64,ios,apple,Full HD,5.4
9990,realme,red,32,android,qualcomm,HD,6.2
24463,apple,blue,512,ios,apple,Full HD,5.4
24999,vivo,blue,128,android,mediatek,Full HD,6.4
10499,realme,blue,128,android,unisoc,HD,6.5
24000,samsung,black,64,android,samsung,4K,6.4
29990,oneplus,silver,128,android,unknown,Full HD,6.5
9790,oppo,silver,32,android,unknown,HD,6.5
6463,apple,blue,256,ios,apple,Full HD,6.1
30537,samsung,black,128,android,qualcomm,Full HD,6.7
12900,samsung,black,32,android,qualcomm,HD,6.5
11989,realme,grey,128,android,unisoc,HD,6.5
21399,samsung,silver,128,android,unknown,Full HD,6.5
19999,motorola,grey,128,android,qualcomm,Full HD,6.6
8999,tecno,purple,64,android,mediatek,4K,6.6
14964,apple,gold,128,ios,apple,Full HD,5.5
13999,redmi,red,128,android,qualcomm,Full HD,6.3
14137,samsung,silver,128,android,mediatek,Full HD,6.7
22990,mi,black,128,android,qualcomm,Full HD,6.7
18799,samsung,black,128,android,samsung,Full HD,6.4
6999,redmi,grey,16,android,qualcomm,HD,4.7
11999,realme,blue,64,android,qualcomm,HD,6.5
11400,samsung,black,64,android,samsung,4K,6.4
18142,oppo,blue,128,android,unknown,HD,6.6
30900,samsung,black,128,android,qualcomm,4K,6.7
22890,xiaomi,black,128,android,qualcomm,4K,6.5
19463,vivo,black,256,android,mediatek,Full HD,6.8
9999,motorola,green,64,android,qualcomm,Full HD,6.5
9999,motorola,gold,32,android,mediatek,HD,5.5
27537,vivo,black,128,android,mediatek,Full HD,6.8
8449,tecno,purple,64,android,mediatek,Full HD,6.6
5537,vivo,blue,256,android,mediatek,Full HD,6.8
18990,oppo,blue,64,android,mediatek,HD,6.5
12536,samsung,green,128,android,unknown,Full HD,6.1
10999,infinix,purple,64,android,mediatek,HD,6.8
31990,oppo,black,256,android,mediatek,Full HD,6.4
14990,redmi,gold,128,android,qualcomm,Full HD,6.7
15636,apple,silver,64,ios,apple,Full HD,5.5
11999,redmi,grey,64,android,qualcomm,HD,5.5
8598,tecno,blue,64,android,mediatek,HD,6.6
15990,oppo,green,64,android,mediatek,HD,6.2
8450,tecno,blue,64,android,mediatek,4K,6.6
9999,vivo,gold,64,android,mediatek,HD,6.5
15964,apple,red,256,ios,apple,HD,4.7
30163,apple,silver,64,ios,apple,Full HD,6.5
8499,realme,black,32,android,mediatek,HD,6.2
9490,vivo,white,32,android,mediatek,HD,6.5
13828,apple,gold,512,ios,apple,Full HD,6.5
8999,infinix,black,64,android,unisoc,HD,6.8
13245,oppo,green,64,android,unknown,HD,6.6
23990,oppo,green,128,android,mediatek,4K,6.5
14999,infinix,blue,128,android,mediatek,Full HD,6.7
6499,realme,green,32,android,unisoc,HD,6.5
6490,samsung,blue,32,android,mediatek,HD,5.3
14537,apple,black,64,ios,apple,Full HD,5.4
10537,mi,green,128,android,qualcomm,Full HD,6.7
23990,vivo,black,64,android,qualcomm,Full HD,6.3
14490,redmi,white,64,android,unknown,Full HD,6.5
12499,samsung,black,64,android,samsung,HD,6.5
27250,vivo,blue,256,android,mediatek,Full HD,6.4
13990,vivo,blue,64,android,qualcomm,HD,6.3
5537,vivo,black,256,android,qualcomm,2K,6.8
73,apple,black,256,ios,apple,Full HD,6.1
25546,vivo,black,256,android,mediatek,Full HD,6.6
12990,samsung,green,64,android,unknown,Full HD,6.4
29990,oppo,grey,128,android,mediatek,Full HD,6.5
11172,apple,gold,128,ios,apple,Full HD,6.1
30537,oneplus,blue,128,android,qualcomm,Full HD,6.5
14120,redmi,silver,64,android,unknown,Full HD,6.6
4999,samsung,blue,16,android,mediatek,HD,5.3
18999,realme,blue,128,android,qualcomm,Full HD,6.7
25546,mi,green,256,android,qualcomm,Full HD,6.7
16490,samsung,silver,128,android,unknown,4K,6.6
11999,redmi,blue,32,android,qualcomm,Full HD,6.3
8299,redmi,blue,32,android,qualcomm,HD,6.2
23537,vivo,grey,256,android,qualcomm,Full HD,6.6
26364,apple,black,256,ios,apple,HD,6.1
20999,realme,black,256,android,unknown,Full HD,6.4
22663,apple,silver,256,ios,apple,Full HD,6.1
24463,samsung,gold,128,android,qualcomm,Full HD,6.7
11490,redmi,blue,64,android,mediatek,Full HD,6.5
15546,samsung,red,64,android,samsung,2K,5.8
31899,oneplus,black,128,android,unknown,Full HD,6.5
29463,samsung,gold,256,android,qualcomm,Full HD,6.7
7199,realme,green,32,android,unisoc,HD,6.5
27546,vivo,black,128,android,qualcomm,Full HD,6.6
13990,samsung,green,128,android,samsung,Full HD,6.6
27990,samsung,black,128,android,samsung,Full HD,6.4
11990,oppo,blue,64,android,qualcomm,HD,6.5
21999,oneplus,blue,128,android,unknown,4K,6.4
11990,oppo,black,64,android,mediatek,HD,6.5
7499,infinix,gold,16,android,mediatek,HD,5.5
12730,samsung,green,64,android,unknown,HD,6.5
16990,oppo,gold,64,android,qualcomm,HD,6.2
23990,redmi,black,128,android,unknown,Full HD,6.7
25037,vivo,blue,256,android,mediatek,Full HD,6.8
31073,apple,purple,512,ios,apple,Full HD,6.1
20464,samsung,green,256,android,samsung,Full HD,6.7
29999,oneplus,grey,128,android,unknown,Full HD,6.4
20880,oppo,black,128,android,qualcomm,Full HD,6.4
9999,infinix,silver,64,android,mediatek,Full HD,6.6
24463,apple,blue,256,ios,apple,Full HD,6.7
11195,samsung,green,64,android,unknown,Full HD,6.6
32546,apple,red,128,ios,apple,HD,4.7
21199,vivo,green,128,android,qualcomm,Full HD,6.4
24990,samsung,blue,128,android,qualcomm,Full HD,6.5
15499,motorola,blue,128,android,qualcomm,Full HD,6.5
18990,oppo,gold,64,android,mediatek,HD,5.5
28999,redmi,white,128,android,qualcomm,Full HD,6.4
19864,apple,black,256,ios,apple,Full HD,5.5
19977,realme,black,128,android,unknown,Full HD,6.4
6463,apple,red,256,ios,apple,Full HD,5.4
25999,samsung,white,128,android,samsung,Full HD,6.4
8537,apple,green,128,ios,apple,Full HD,6.1
7463,samsung,white,128,android,unknown,4K,6.6
20990,oppo,white,128,android,qualcomm,Full HD,6.5
30990,oppo,gold,64,android,qualcomm,Full HD,6.0
24490,samsung,silver,128,android,unknown,Full HD,6.5
10649,redmi,grey,32,android,qualcomm,Full HD,5.5
14999,tecno,black,256,android,mediatek,Full HD,6.8
18927,motorola,black,128,android,qualcomm,HD,6.2
18537,apple,purple,128,ios,apple,HD,6.1
5073,apple,gold,512,ios,apple,Full HD,6.1
29537,vivo,black,128,android,mediatek,Full HD,6.6
29537,vivo,blue,128,android,mediatek,Full HD,6.6
24472,apple,silver,64,ios,apple,Full HD,5.8
8999,redmi,blue,64,android,mediatek,HD,6.5
11975,samsung,white,64,android,samsung,HD,6.5
30373,apple,silver,256,ios,apple,Full HD,5.8
20499,samsung,black,128,android,mediatek,HD,6.4
10990,oppo,silver,64,android,mediatek,HD,6.2
12999,vivo,black,128,android,mediatek,Full HD,6.6
10849,tecno,black,64,android,mediatek,4K,6.9
14999,redmi,black,64,android,qualcomm,Full HD,6.0
23899,vivo,blue,128,android,unknown,Full HD,6.4
8828,apple,silver,256,ios,apple,Full HD,6.7
14999,realme,white,64,android,mediatek,Full HD,6.5
1463,apple,green,256,ios,apple,Full HD,6.1
10499,redmi,blue,32,android,qualcomm,HD,6.0
11172,apple,blue,128,ios,apple,Full HD,6.1
537,samsung,black,128,android,unknown,Full HD,6.1
16990,vivo,blue,64,android,mediatek,HD,6.5
12520,tecno,grey,128,android,mediatek,HD,6.8
5999,redmi,blue,16,android,qualcomm,HD,5.0
20990,vivo,white,128,android,qualcomm,4K,6.4
14999,tecno,white,256,android,mediatek,Full HD,6.8
32999,oppo,blue,256,android,mediatek,Full HD,6.7
27499,samsung,white,128,android,qualcomm,Full HD,6.4
16999,redmi,white,64,android,mediatek,Full HD,6.5
14999,realme,blue,64,android,mediatek,Full HD,6.6
24463,apple,purple,256,ios,apple,Full HD,6.7
13499,samsung,blue,128,android,mediatek,HD,6.4
13990,vivo,blue,64,android,mediatek,HD,6.5
15490,vivo,white,64,android,qualcomm,HD,6.5
11464,apple,grey,256,ios,apple,HD,4.7
15499,vivo,green,128,android,mediatek,HD,6.5
26037,oneplus,black,128,android,unknown,Full HD,6.7
29990,oneplus,blue,128,android,unknown,Full HD,6.7
13990,vivo,blue,64,android,mediatek,HD,6.3
19728,apple,grey,512,ios,apple,Full HD,6.5
6950,tecno,blue,32,android,mediatek,HD,6.5
14999,vivo,blue,128,android,qualcomm,Full HD,6.6
23636,apple,white,16,ios,apple,HD,4.0
6455,redmi,green,32,android,unknown,Full HD,6.5
16999,redmi,gold,64,android,qualcomm,Full HD,6.0
31633,oneplus,grey,128,android,unknown,4K,6.7
14599,mi,black,64,android,qualcomm,Full HD,5.5
16999,vivo,black,64,android,qualcomm,HD,6.5
20537,tecno,grey,256,android,mediatek,4K,6.8
9537,apple,silver,128,ios,apple,HD,4.7
18900,samsung,white,64,android,samsung,Full HD,6.4
10999,redmi,black,128,android,mediatek,Full HD,6.6
5999,infinix,black,32,android,mediatek,HD,6.6
6999,redmi,gold,32,android,qualcomm,HD,5.0
30990,mi,black,256,android,qualcomm,Full HD,6.7
8999,infinix,white,128,android,mediatek,HD,6.6
28546,apple,silver,16,ios,apple,HD,4.7
8699,tecno,purple,64,android,unisoc,HD,6.6
10499,samsung,black,64,android,samsung,HD,6.5
8999,infinix,black,128,android,mediatek,HD,6.6
13499,vivo,blue,64,android,mediatek,HD,6.5
20999,redmi,blue,256,android,qualcomm,Full HD,6.7
20999,redmi,white,128,android,qualcomm,Full HD,6.7
12331,redmi,white,128,android,unknown,Full HD,6.5
9999,realme,gold,128,android,unisoc,HD,6.7
10999,infinix,purple,64,android,mediatek,Full HD,7.0
6499,realme,black,32,android,unisoc,HD,6.5
10999,redmi,blue,32,android,qualcomm,Full HD,6.0
32537,oppo,silver,256,android,mediatek,Full HD,6.7
537,samsung,black,128,android,unknown,Full HD,6.1
13990,oppo,blue,32,android,mediatek,HD,6.2
17990,oppo,white,128,android,qualcomm,Full HD,6.5
23999,xiaomi,black,128,android,mediatek,Full HD,6.7
16999,redmi,white,64,android,mediatek,Full HD,6.4
18999,redmi,blue,128,android,qualcomm,Full HD,6.7
8999,tecno,blue,64,android,unknown,HD,6.6
7310,redmi,blue,64,android,unknown,Full HD,6.5
21073,apple,blue,512,ios,apple,Full HD,6.7
13990,samsung,purple,128,android,mediatek,Full HD,6.6
24999,realme,black,256,android,mediatek,Full HD,6.7
9999,infinix,purple,64,android,mediatek,HD,6.8
24990,oppo,red,64,android,mediatek,Full HD,6.0
22990,oppo,silver,64,android,mediatek,Full HD,6.2
12499,oppo,black,64,android,mediatek,HD,6.6
12990,oppo,black,64,android,unknown,HD,6.5
25989,samsung,blue,128,android,qualcomm,Full HD,6.5
8590,oppo,red,32,android,mediatek,HD,6.1
27990,oppo,black,128,android,mediatek,Full HD,6.2
1172,apple,blue,256,ios,apple,Full HD,6.1
828,apple,gold,256,ios,apple,Full HD,6.5
7499,redmi,black,64,android,unknown,Full HD,6.5
10999,realme,gold,64,android,unisoc,HD,6.7
13990,vivo,black,32,android,mediatek,HD,6.1
12999,realme,red,128,android,qualcomm,HD,6.5
10999,realme,black,64,android,unisoc,HD,6.7
15990,redmi,blue,128,android,mediatek,Full HD,6.6
21000,samsung,blue,64,android,samsung,4K,6.4
25999,samsung,green,128,android,samsung,Full HD,6.7
21199,redmi,black,128,android,unknown,Full HD,6.6
8590,oppo,black,32,android,unknown,HD,6.1
15999,motorola,blue,64,android,qualcomm,Full HD,6.3
17499,mi,white,128,android,qualcomm,HD,6.1
7799,tecno,black,64,android,unknown,HD,6.6
30537,oneplus,blue,256,android,unknown,4K,6.4
30546,vivo,gold,128,android,mediatek,Full HD,6.6
25990,vivo,black,128,android,mediatek,Full HD,6.4
10699,realme,black,128,android,unisoc,Full HD,6.6
32999,oppo,blue,256,android,mediatek,Full HD,6.7
6463,apple,blue,256,ios,apple,Full HD,5.4
13430,tecno,white,128,android,mediatek,Full HD,6.8
19990,vivo,black,128,android,mediatek,4K,6.4
16990,vivo,black,128,android,qualcomm,Full HD,6.6
9499,redmi,green,32,android,mediatek,HD,6.5
28700,samsung,silver,128,android,mediatek,4K,6.6
20328,redmi,white,128,android,unknown,Full HD,6.7
4464,apple,silver,128,ios,apple,4K,5.5
3927,samsung,green,512,android,qualcomm,2K,6.8
11990,samsung,blue,128,android,samsung,HD,6.5
16999,redmi,blue,64,android,mediatek,Full HD,6.5
22999,redmi,blue,64,android,qualcomm,Full HD,6.4
30636,apple,silver,128,ios,apple,HD,4.7
28880,oneplus,grey,128,android,unknown,Full HD,6.7
25990,oneplus,grey,128,android,qualcomm,Full HD,6.4
28999,realme,green,256,android,mediatek,Full HD,6.4
73,apple,purple,256,ios,apple,Full HD,6.1
19990,oppo,white,256,android,mediatek,Full HD,6.5
19364,apple,silver,256,ios,apple,Full HD,5.5
12867,samsung,blue,128,android,samsung,HD,6.5
9199,infinix,blue,64,android,mediatek,HD,6.8
23352,tecno,black,256,android,unknown,4K,6.4
537,oneplus,black,256,android,unknown,2K,6.7
22999,oneplus,grey,256,android,qualcomm,Full HD,6.4
15999,redmi,white,64,android,qualcomm,Full HD,6.3
15990,oppo,blue,64,android,qualcomm,HD,6.2
26537,realme,white,256,android,mediatek,Full HD,6.7
11999,motorola,purple,64,android,qualcomm,HD,6.8
9990,vivo,blue,32,android,mediatek,HD,6.5
15537,oneplus,green,128,android,unknown,2K,6.7
22537,realme,blue,256,android,mediatek,Full HD,6.7
14499,samsung,white,64,android,mediatek,HD,6.5
16899,samsung,blue,128,android,unknown,4K,6.6
15537,realme,green,128,android,qualcomm,2K,6.7
24373,apple,gold,512,ios,apple,Full HD,6.1
8499,realme,blue,64,android,unisoc,HD,6.5
26927,apple,silver,512,ios,apple,Full HD,6.7
22990,oppo,gold,64,android,qualcomm,Full HD,6.0
17990,oneplus,black,128,android,unknown,Full HD,6.6
20999,redmi,black,256,android,qualcomm,Full HD,6.7
13990,oppo,purple,64,android,qualcomm,HD,6.2
7499,infinix,purple,32,android,mediatek,HD,6.8
24999,vivo,black,128,android,qualcomm,Full HD,6.4
18999,infinix,black,128,android,mediatek,Full HD,6.8
16990,vivo,black,64,android,qualcomm,Full HD,6.6
8990,oppo,purple,16,android,qualcomm,HD,6.2
3537,apple,green,128,ios,apple,Full HD,6.1
11999,realme,grey,128,android,unisoc,HD,6.5
25999,vivo,gold,256,android,mediatek,Full HD,6.4
8749,realme,green,64,android,unisoc,HD,6.5
20909,samsung,grey,128,android,qualcomm,HD,6.6
24537,samsung,black,128,android,unknown,Full HD,6.5
14999,infinix,gold,128,android,mediatek,Full HD,6.8
23537,xiaomi,black,256,android,qualcomm,Full HD,6.7
1537,vivo,blue,256,android,mediatek,Full HD,6.8
14499,samsung,black,128,android,samsung,4K,6.4
18600,samsung,blue,64,android,samsung,4K,6.4
10999,redmi,red,64,android,qualcomm,HD,6.2
8487,samsung,blue,32,android,samsung,HD,6.5
11537,apple,red,64,ios,apple,Full HD,6.1
19900,samsung,black,32,android,mediatek,Full HD,5.7
23537,apple,gold,16,ios,apple,HD,4.7
13550,realme,blue,128,android,unknown,4K,6.7
23036,oneplus,black,256,android,unknown,4K,6.6
24999,xiaomi,black,128,android,mediatek,Full HD,6.7
8499,realme,blue,32,android,mediatek,HD,6.2
13990,redmi,blue,64,android,unknown,Full HD,6.4
15999,infinix,green,128,android,mediatek,Full HD,7.0
10073,apple,purple,128,ios,apple,Full HD,6.1
17000,samsung,blue,64,android,qualcomm,HD,6.0
30373,apple,grey,256,ios,apple,Full HD,5.8
31551,samsung,black,256,android,samsung,Full HD,6.5
10499,samsung,green,128,android,samsung,Full HD,6.6
22300,samsung,gold,64,android,samsung,Full HD,6.0
9990,oppo,gold,64,android,mediatek,HD,6.6
11500,samsung,black,32,android,samsung,HD,5.6
16537,apple,grey,64,ios,apple,Full HD,5.5
6073,samsung,black,256,android,qualcomm,2K,6.8
29999,samsung,silver,128,android,samsung,Full HD,6.5
24999,vivo,blue,128,android,qualcomm,Full HD,6.4
10999,realme,blue,64,android,qualcomm,HD,6.5
29999,realme,black,128,android,mediatek,Full HD,6.5
6999,tecno,black,32,android,unisoc,HD,6.6
12999,motorola,blue,128,android,mediatek,Full HD,6.4
25537,oneplus,black,256,android,unknown,Full HD,6.6
14999,redmi,green,64,android,mediatek,Full HD,6.6
15999,infinix,blue,128,android,mediatek,Full HD,7.0
14235,samsung,blue,128,android,unknown,HD,6.5
8990,redmi,red,32,android,qualcomm,HD,6.3
7299,infinix,blue,64,android,unisoc,HD,6.6
1537,vivo,black,256,android,mediatek,Full HD,6.8
25490,vivo,black,128,android,unknown,Full HD,6.4
6999,redmi,gold,32,android,qualcomm,HD,5.0
9999,motorola,blue,32,android,mediatek,HD,5.5
9999,infinix,purple,64,android,mediatek,HD,6.5
11999,realme,blue,32,android,mediatek,HD,6.5
8990,realme,blue,16,android,qualcomm,HD,6.2
31073,apple,blue,512,ios,apple,Full HD,6.1
8999,realme,grey,64,android,mediatek,HD,6.5
5537,apple,silver,64,ios,apple,4K,5.5
12331,redmi,blue,128,android,unknown,Full HD,6.5
6999,redmi,gold,32,android,qualcomm,HD,5.0
23927,samsung,black,256,android,qualcomm,4K,7.6
19999,infinix,blue,128,android,mediatek,Full HD,6.8
12500,redmi,red,64,android,qualcomm,Full HD,6.0
20537,samsung,grey,256,android,qualcomm,Full HD,6.7
12999,mi,grey,16,android,qualcomm,Full HD,5.0
9772,apple,gold,256,ios,apple,Full HD,5.8
32000,samsung,red,128,android,qualcomm,4K,6.7
29990,oneplus,green,128,android,unknown,Full HD,6.5
8464,samsung,grey,64,android,qualcomm,2K,6.3
13499,redmi,gold,64,android,qualcomm,HD,6.0
16999,realme,black,128,android,qualcomm,Full HD,6.4
14100,redmi,black,64,android,unknown,Full HD,6.6
26073,samsung,black,512,android,qualcomm,Full HD,6.6
22999,realme,grey,128,android,qualcomm,Full HD,6.4
5999,redmi,grey,16,android,qualcomm,HD,5.0
6299,redmi,blue,32,android,mediatek,HD,6.5
12999,samsung,black,32,android,qualcomm,HD,6.4
9999,vivo,blue,32,android,mediatek,HD,6.5
19899,tecno,blue,128,android,mediatek,4K,6.7
11499,redmi,grey,128,android,mediatek,Full HD,6.5
15995,redmi,white,128,android,unknown,Full HD,6.4
31172,samsung,black,256,android,samsung,2K,6.9
30636,apple,black,128,ios,apple,HD,4.7
24490,oneplus,grey,64,android,qualcomm,Full HD,6.4
29990,apple,silver,32,ios,apple,HD,4.7
29999,oneplus,grey,128,android,unknown,Full HD,6.4
18546,vivo,black,256,android,qualcomm,Full HD,6.6
26464,apple,gold,128,ios,apple,4K,5.5
7329,redmi,green,64,android,unknown,Full HD,6.5
16390,redmi,white,128,android,unknown,HD,6.4
14999,oppo,gold,64,android,mediatek,HD,6.6
15999,infinix,green,128,android,mediatek,Full HD,6.7
10499,tecno,blue,64,android,mediatek,HD,6.3
9999,infinix,black,64,android,mediatek,HD,6.8
20990,vivo,blue,128,android,qualcomm,4K,6.4
5964,apple,gold,64,ios,apple,Full HD,5.5
20538,oneplus,silver,256,android,unknown,4K,6.6
15495,redmi,green,128,android,unknown,Full HD,6.6
17499,mi,gold,64,android,qualcomm,Full HD,6.0
19999,realme,blue,128,android,qualcomm,Full HD,6.7
8490,tecno,green,32,android,mediatek,HD,6.5
9999,redmi,white,64,android,qualcomm,HD,6.2
12999,vivo,blue,128,android,mediatek,Full HD,6.6
29999,oppo,black,128,android,qualcomm,Full HD,6.7
3536,apple,grey,16,ios,apple,HD,4.7
8990,redmi,green,32,android,unknown,HD,6.5
15499,tecno,black,128,android,mediatek,4K,6.8
24990,vivo,purple,128,android,qualcomm,Full HD,6.4
7430,samsung,black,32,android,mediatek,HD,6.5
14990,samsung,blue,64,android,samsung,Full HD,6.6
10870,motorola,red,64,android,mediatek,HD,6.5
13990,redmi,white,128,android,unknown,Full HD,6.7
9725,tecno,black,128,android,mediatek,HD,6.6
25781,oneplus,black,128,android,unknown,Full HD,6.7
30636,apple,gold,128,ios,apple,HD,4.7
24546,apple,black,256,ios,apple,HD,4.7
17990,samsung,blue,128,android,mediatek,HD,6.5
25636,apple,grey,64,ios,apple,HD,4.7
22636,apple,silver,128,ios,apple,Full HD,5.5
16499,redmi,white,128,android,mediatek,Full HD,6.4
29999,realme,green,256,android,mediatek,Full HD,6.7
18537,oneplus,silver,256,android,unknown,4K,6.6
29537,samsung,white,128,android,samsung,Full HD,6.5
16999,samsung,silver,128,android,qualcomm,HD,6.5
16490,vivo,black,128,android,qualcomm,Full HD,6.6
15990,vivo,blue,64,android,mediatek,HD,6.3
13999,motorola,grey,128,android,qualcomm,Full HD,6.6
12899,tecno,white,64,android,mediatek,HD,6.6
23999,redmi,black,128,android,unknown,Full HD,6.7
22990,oneplus,blue,128,android,unknown,Full HD,6.4
9999,infinix,black,64,android,mediatek,Full HD,6.7
19990,samsung,green,128,android,samsung,Full HD,6.6
23999,samsung,green,128,android,samsung,Full HD,6.7
7990,tecno,blue,64,android,mediatek,HD,6.5
18990,oppo,purple,128,android,qualcomm,HD,6.5
30862,oneplus,black,256,android,unknown,4K,6.7
7999,motorola,blue,64,android,mediatek,HD,6.5
18990,oppo,gold,64,android,mediatek,HD,5.5
11999,vivo,gold,32,android,mediatek,HD,6.5
22999,mi,black,128,android,qualcomm,Full HD,6.7
11537,apple,purple,64,ios,apple,Full HD,6.1
11500,samsung,blue,32,android,samsung,HD,5.6
24999,vivo,blue,128,android,mediatek,Full HD,6.4
25537,apple,grey,16,ios,apple,Full HD,5.5
9779,redmi,black,128,android,mediatek,HD,6.7
17464,samsung,black,128,android,samsung,2K,6.7
30658,oneplus,black,256,android,unknown,Full HD,6.7
17999,oppo,black,128,android,qualcomm,Full HD,6.6
20376,oppo,gold,128,android,qualcomm,Full HD,6.4
9999,infinix,white,64,android,mediatek,Full HD,6.7
8999,redmi,gold,32,android,qualcomm,HD,5.5
14999,redmi,black,128,android,mediatek,Full HD,6.5
9990,oppo,blue,32,android,mediatek,HD,6.5
14083,samsung,green,256,android,qualcomm,2K,6.8
10990,oppo,black,32,android,mediatek,HD,6.5
15990,oppo,blue,128,android,mediatek,HD,6.5
22990,oneplus,grey,128,android,unknown,Full HD,6.4
29990,vivo,white,128,android,mediatek,Full HD,6.4
26037,oneplus,black,128,android,unknown,Full HD,6.7
11000,samsung,black,32,android,mediatek,HD,6.2
23990,mi,silver,128,android,qualcomm,Full HD,6.7
31073,apple,red,512,ios,apple,Full HD,6.1
6999,redmi,silver,16,android,qualcomm,HD,5.0
9999,infinix,black,64,android,unisoc,HD,6.6
12799,oppo,white,128,android,mediatek,HD,6.5
31500,apple,gold,32,ios,apple,HD,4.7
15999,realme,blue,128,android,mediatek,Full HD,6.5
26999,xiaomi,black,128,android,mediatek,Full HD,6.7
27999,samsung,blue,128,android,qualcomm,Full HD,6.5
24172,apple,grey,256,ios,apple,Full HD,5.8
27537,oneplus,green,256,android,unknown,4K,6.7
3828,apple,grey,512,ios,apple,Full HD,5.8
14499,vivo,blue,64,android,mediatek,HD,6.5
16999,realme,gold,128,android,mediatek,Full HD,6.6
19364,apple,red,256,ios,apple,Full HD,5.5
15999,redmi,black,64,android,qualcomm,Full HD,6.3
31990,oneplus,green,128,android,unknown,Full HD,6.7
1172,apple,green,128,ios,apple,Full HD,6.7
23999,vivo,blue,128,android,mediatek,Full HD,6.4
12499,oppo,blue,64,android,mediatek,HD,6.6
29999,oneplus,blue,128,android,unknown,Full HD,6.5
16940,realme,white,64,android,qualcomm,4K,6.4
5463,samsung,white,256,android,unknown,Full HD,6.1
14490,tecno,white,128,android,unknown,HD,6.6
26537,realme,white,256,android,qualcomm,Full HD,6.6
22999,oneplus,grey,256,android,qualcomm,Full HD,6.4
24537,apple,silver,16,ios,apple,Full HD,5.5
6499,redmi,black,16,android,qualcomm,HD,5.5
11490,vivo,black,64,android,qualcomm,HD,6.5
20546,vivo,black,256,android,qualcomm,Full HD,6.6
24537,samsung,purple,256,android,samsung,Full HD,6.4
14999,redmi,gold,128,android,qualcomm,Full HD,6.7
11199,realme,grey,64,android,unisoc,HD,6.5
6999,infinix,gold,16,android,mediatek,HD,5.5
13999,vivo,black,128,android,mediatek,Full HD,6.6
10999,samsung,blue,32,android,samsung,HD,6.4
21637,oneplus,blue,256,android,qualcomm,2K,6.8
6599,redmi,green,32,android,mediatek,HD,6.5
18299,oneplus,blue,128,android,unknown,Full HD,6.6
30900,samsung,blue,128,android,qualcomm,4K,6.7
8888,tecno,blue,64,android,mediatek,HD,6.6
28864,oneplus,grey,128,android,unknown,Full HD,6.7
22990,oppo,red,64,android,mediatek,Full HD,6.2
19990,redmi,white,128,android,unknown,Full HD,6.6
29999,motorola,black,256,android,mediatek,Full HD,6.5
10699,tecno,blue,64,android,mediatek,4K,6.6
29999,samsung,blue,128,android,unknown,Full HD,6.7
31537,xiaomi,black,256,android,unknown,Full HD,6.5
13995,redmi,black,64,android,qualcomm,Full HD,6.4
30063,apple,gold,128,ios,apple,Full HD,6.7
32990,oppo,blue,128,android,mediatek,Full HD,6.4
30636,apple,red,128,ios,apple,HD,4.7
14999,realme,black,64,android,mediatek,Full HD,6.5
11530,samsung,black,64,android,unknown,4K,6.4
6172,apple,grey,256,ios,apple,Full HD,6.5
26546,xiaomi,white,128,android,unknown,4K,6.7
5537,vivo,blue,256,android,mediatek,Full HD,6.8
11999,motorola,grey,128,android,qualcomm,Full HD,6.5
13480,oppo,black,64,android,mediatek,HD,6.5
12990,oppo,white,64,android,mediatek,HD,6.5
6999,infinix,green,64,android,mediatek,HD,6.6
24463,apple,red,256,ios,apple,Full HD,6.7
29220,vivo,blue,256,android,mediatek,Full HD,6.4
8049,realme,silver,32,android,unisoc,HD,6.5
19999,oneplus,grey,128,android,unknown,Full HD,6.7
15300,samsung,gold,32,android,samsung,Full HD,5.5
28999,samsung,blue,128,android,unknown,4K,6.7
19955,realme,blue,128,android,qualcomm,4K,6.4
6464,apple,gold,64,ios,apple,HD,4.7
8990,redmi,black,32,android,unknown,HD,6.5
7999,realme,blue,32,android,mediatek,HD,6.1
13990,oppo,blue,64,android,mediatek,HD,6.5
28999,redmi,red,128,android,qualcomm,Full HD,6.4
6999,redmi,grey,16,android,qualcomm,HD,5.0
29999,oneplus,black,128,android,unknown,Full HD,6.7
6073,samsung,green,256,android,qualcomm,2K,6.8
14999,motorola,grey,128,android,qualcomm,Full HD,6.8
14999,infinix,black,64,android,mediatek,HD,7.0
14999,redmi,black,128,android,mediatek,Full HD,6.5
12990,motorola,blue,64,android,qualcomm,HD,6.5
9499,oppo,blue,64,android,mediatek,HD,6.6
14999,infinix,blue,128,android,mediatek,Full HD,6.8
8399,redmi,black,32,android,mediatek,HD,6.5
16989,samsung,black,128,android,unknown,4K,6.4
19864,apple,black,256,ios,apple,Full HD,5.5
8999,redmi,gold,32,android,qualcomm,HD,5.0
7999,infinix,purple,64,android,mediatek,HD,6.8
9999,tecno,grey,64,android,unknown,HD,6.6
13390,oppo,blue,64,android,mediatek,HD,6.5
23990,oppo,purple,128,android,mediatek,4K,6.5
537,oneplus,green,128,android,unknown,2K,6.7
35990,oppo,white,256,android,mediatek,Full HD,6.4
11990,oppo,white,64,android,mediatek,HD,6.5
30546,mi,white,256,android,unknown,Full HD,6.7
19990,oppo,black,32,android,qualcomm,Full HD,6.0
828,apple,grey,256,ios,apple,Full HD,6.5
30537,realme,black,128,android,qualcomm,Full HD,6.6
15980,redmi,black,128,android,unknown,HD,6.4
23537,apple,purple,64,ios,apple,HD,6.1
15999,oppo,blue,128,android,mediatek,HD,6.6
10390,redmi,green,128,android,unknown,HD,6.7
5646,vivo,black,256,android,unknown,2K,6.8
8875,tecno,gold,64,android,mediatek,Full HD,6.6
10999,redmi,grey,128,android,unknown,HD,6.5
19999,redmi,white,128,android,unknown,Full HD,6.4
15999,redmi,black,128,android,qualcomm,Full HD,6.7
17999,redmi,black,64,android,qualcomm,Full HD,6.3
14999,redmi,blue,64,android,qualcomm,Full HD,6.0
24546,apple,red,256,ios,apple,HD,4.7
9999,infinix,blue,64,android,unisoc,HD,6.6
12490,samsung,blue,64,android,qualcomm,HD,6.4
14990,redmi,white,128,android,mediatek,Full HD,6.5
21999,tecno,green,128,ios,unknown,4K,6.8
25636,oneplus,black,128,android,unknown,4K,6.6
14999,mi,black,64,android,qualcomm,Full HD,6.4
15999,redmi,red,64,android,qualcomm,Full HD,6.3
28537,apple,red,64,ios,apple,HD,6.1
21072,samsung,black,512,android,qualcomm,2K,6.8
7499,infinix,green,32,android,mediatek,HD,6.8
16999,redmi,red,64,android,qualcomm,Full HD,6.3
21299,samsung,silver,128,android,unknown,Full HD,6.5
30999,samsung,purple,128,android,mediatek,4K,6.6
17999,redmi,red,64,android,qualcomm,Full HD,6.3
18999,redmi,green,128,android,qualcomm,Full HD,6.7
9999,redmi,black,64,android,qualcomm,HD,6.7
29546,oneplus,green,256,android,qualcomm,Full HD,6.5
15999,redmi,blue,128,android,unknown,Full HD,6.7
8999,tecno,black,64,android,unisoc,HD,6.6
24373,apple,blue,512,ios,apple,Full HD,6.1
7791,motorola,silver,32,android,mediatek,HD,6.5
9990,redmi,blue,64,android,qualcomm,HD,6.0
23999,samsung,black,128,android,mediatek,Full HD,6.4
19488,redmi,black,128,android,unknown,Full HD,6.6
9490,vivo,blue,32,android,mediatek,HD,6.5
11464,apple,grey,256,ios,apple,HD,4.7
29999,oneplus,blue,256,android,unknown,2K,6.7
15999,motorola,grey,128,android,mediatek,Full HD,6.5
11999,redmi,black,64,android,mediatek,Full HD,6.5
30203,oneplus,black,128,android,unknown,Full HD,6.5
13999,vivo,gold,128,android,mediatek,Full HD,6.6
