price,brand,color,storage,system,processor_type,resolution,size,Model_name
23999,redmi,black,128,android,mediatek,Full HD,6.7,Note 12 Pro 5G
20999,oppo,green,128,android,mediatek,Full HD,6.5,F11 Pro
13149,redmi,white,64,android,unknown,Full HD,6.4,Note 11
21999,oneplus,blue,256,android,qualcomm,Full HD,6.4,Nord CE 5G
9999,infinix,green,64,android,mediatek,Full HD,6.6,Hot 11
12999,samsung,green,128,android,qualcomm,HD,6.5,Galaxy A04
15990,vivo,black,64,android,qualcomm,Full HD,6.5,Z1Pro
6999,motorola,white,16,android,mediatek,HD,5.0,C Plus
10990,oppo,black,32,android,mediatek,HD,6.5,A15
24463,samsung,purple,128,android,qualcomm,Full HD,6.7,Galaxy Z Flip4 5G
7537,realme,green,256,android,qualcomm,2K,6.7,GT 2 Pro
10990,redmi,white,64,android,unknown,Full HD,6.5,10 Prime 2022
17537,mi,black,128,android,qualcomm,Full HD,6.7,10T Pro
13990,oppo,red,32,android,mediatek,HD,6.2,A5s
14463,vivo,black,256,android,qualcomm,2K,6.8,X80 Pro
6999,redmi,grey,32,android,qualcomm,HD,5.0,4A
22990,oppo,black,64,android,mediatek,Full HD,6.2,Ravichandran Ashwin Limited Edition
19087,oneplus,green,128,android,unknown,Full HD,6.7,10T 5G
9499,redmi,green,128,android,mediatek,HD,6.5,9 Activ
31637,oneplus,black,128,android,unknown,Full HD,6.5,9R 5G
32537,oppo,blue,256,android,mediatek,Full HD,6.7,Reno10 5G
6499,motorola,green,64,android,unisoc,HD,6.5,e13
9490,vivo,green,32,android,mediatek,HD,6.5,Y3s
16999,redmi,black,64,android,mediatek,Full HD,6.5,Note 8 Pro
23999,oneplus,grey,128,android,unknown,Full HD,6.4,Nord CE 2 5G
7799,tecno,blue,64,android,unknown,HD,6.6,POP 7 Pro
23999,vivo,gold,128,android,unknown,Full HD,6.4,V23e
12999,infinix,black,128,android,mediatek,Full HD,6.7,Note 12
9499,oppo,gold,64,android,mediatek,HD,6.6,A17k
14999,infinix,black,64,android,mediatek,Full HD,6.7,Note 12 5G
25937,oneplus,silver,128,android,unknown,4K,6.6,9RT 5G
15999,infinix,grey,128,android,mediatek,Full HD,6.7,Zero 20
14990,vivo,purple,64,android,mediatek,HD,6.2,Y93
22000,xiaomi,blue,128,android,unknown,4K,6.5,11Lite NE
13999,mi,gold,128,android,qualcomm,Full HD,6.0,A2
17499,oppo,blue,128,android,mediatek,HD,6.6,K10 5G
19999,redmi,blue,128,android,mediatek,Full HD,6.5,Note 8 Pro
14999,redmi,black,64,android,qualcomm,Full HD,6.3,Note 7
13499,infinix,green,128,android,mediatek,4K,6.6,Hot 20 5G
13999,redmi,red,64,android,qualcomm,Full HD,6.3,Note 7S
32537,oppo,silver,256,android,mediatek,Full HD,6.7,Reno10 5G
30537,motorola,grey,128,android,qualcomm,Full HD,6.5,Edge 30 Fusion
6499,infinix,blue,32,android,mediatek,HD,6.1,Smart HD 2021
16200,samsung,blue,128,android,mediatek,HD,6.5,M32 5G
15790,redmi,green,128,android,unknown,Full HD,6.6,11 Prime 5G
10999,infinix,blue,64,android,mediatek,Full HD,6.7,Note 12
22537,realme,blue,256,android,mediatek,Full HD,6.7,GT Neo 3
16999,realme,white,128,android,mediatek,Full HD,6.4,10
19990,vivo,blue,128,android,qualcomm,Full HD,6.5,Y50
10999,realme,silver,32,android,mediatek,HD,6.5,C12
12990,samsung,black,128,android,samsung,Full HD,6.6,Galaxy F14 5G
10499,realme,blue,64,android,mediatek,HD,6.2,3
8999,tecno,blue,64,android,mediatek,HD,6.5,Spark 7T
23990,mi,white,128,android,qualcomm,Full HD,6.7,11X
23999,redmi,purple,128,android,mediatek,Full HD,6.7,Note 12 Pro 5G
18490,samsung,black,64,android,samsung,Full HD,6.6,Galaxy A13
16999,redmi,blue,128,android,qualcomm,Full HD,6.7,Note 12 5G
10537,oneplus,black,256,android,unknown,Full HD,6.7,10T 5G
6099,tecno,blue,32,android,unisoc,HD,6.6,Pop 6 Pro
11086,oneplus,green,256,android,unknown,2K,6.7,9 Pro 5G
16990,oppo,blue,64,android,mediatek,HD,5.7,A83
11499,infinix,blue,64,android,mediatek,4K,6.6,HOT 20 5G
7299,motorola,blue,32,android,mediatek,HD,6.5,E7 Power
8998,redmi,red,32,android,unknown,HD,6.3,7
15390,vivo,white,128,android,qualcomm,Full HD,6.6,Y21T
14499,realme,black,128,android,qualcomm,Full HD,6.3,2 Pro
29960,oneplus,green,128,android,unknown,Full HD,6.7,10R
25000,realme,black,128,android,mediatek,4K,6.4,Narzo 50 Pro 5G
17999,realme,black,128,android,mediatek,Full HD,6.6,8i
41990,oppo,gold,256,android,mediatek,Full HD,6.5,Reno6 Pro 5G
9299,redmi,green,64,android,mediatek,Full HD,6.6,11 Prime
23537,samsung,black,128,android,qualcomm,Full HD,6.7,Galaxy A72
14990,oppo,black,128,android,qualcomm,Full HD,6.6,K10
8149,redmi,black,64,android,unknown,HD,6.5,A2+
32537,oppo,blue,256,android,mediatek,Full HD,6.7,Reno10 5G
12990,oppo,blue,32,android,mediatek,HD,6.2,A5s
11999,redmi,white,32,android,qualcomm,Full HD,6.3,Note 7S
13499,realme,black,64,android,mediatek,Full HD,6.5,9 5G
21800,oneplus,blue,128,android,unknown,Full HD,6.6,Nord CE 2 Lite 5G
15990,vivo,black,32,android,mediatek,HD,6.2,Y93
6299,redmi,black,32,android,mediatek,HD,6.5,A1+
18990,vivo,black,64,android,qualcomm,HD,6.2,Y95
8490,tecno,blue,64,android,mediatek,4K,6.6,Spark 8P
9499,tecno,blue,64,android,unknown,4K,6.8,Spark 8 Pro
15799,oppo,blue,128,android,mediatek,HD,6.5,A55
14890,redmi,white,128,android,unknown,Full HD,6.7,Note 10 Lite
13990,samsung,black,128,android,samsung,Full HD,6.6,Galaxy F14 5G
10999,redmi,black,32,android,qualcomm,Full HD,6.0,Note 5
12749,redmi,black,64,android,qualcomm,Full HD,5.5,Note 4
14999,redmi,blue,64,android,qualcomm,Full HD,6.3,Note 7
32546,vivo,black,128,android,qualcomm,Full HD,6.4,V17Pro
14999,oppo,gold,64,android,mediatek,HD,6.6,A57
31602,oneplus,green,128,android,unknown,4K,6.7,Nord 3 5G
8999,realme,blue,32,android,unisoc,HD,6.5,C33
27990,vivo,blue,128,android,mediatek,Full HD,6.4,V21 5G
15999,motorola,blue,128,android,mediatek,Full HD,6.5,g72
20999,samsung,black,128,android,mediatek,Full HD,6.6,Galaxy F42 5G
32537,oppo,silver,256,android,mediatek,Full HD,6.7,Reno10 5G
12999,vivo,gold,128,android,mediatek,Full HD,6.6,T2x 5G
25856,oneplus,black,256,android,unknown,Full HD,6.6,9 5G
15337,oneplus,black,256,android,unknown,Full HD,6.7,10T 5G
23463,samsung,green,256,android,qualcomm,Full HD,6.6,Galaxy S22 Plus 5G
23537,xiaomi,blue,256,android,qualcomm,Full HD,6.7,12 Pro 5G
6999,redmi,blue,32,android,qualcomm,HD,5.5,7A
24990,vivo,blue,128,android,qualcomm,Full HD,6.4,Z1x
31999,redmi,red,256,android,qualcomm,Full HD,6.4,K20 Pro
14890,redmi,blue,128,android,mediatek,Full HD,6.5,10 Prime
13999,oppo,black,128,android,mediatek,HD,6.5,A55
18499,redmi,white,128,android,mediatek,Full HD,6.4,Note 10S
9261,realme,blue,128,android,mediatek,HD,6.5,C25s
11999,realme,blue,128,android,qualcomm,HD,6.5,5i
10990,oppo,blue,16,android,qualcomm,HD,5.2,A71k
14885,samsung,silver,128,android,qualcomm,4K,6.6,Galaxy M14 5G
15999,redmi,gold,64,android,qualcomm,Full HD,6.3,Note 6 Pro
24999,redmi,blue,128,android,qualcomm,Full HD,6.4,K20
7999,infinix,blue,64,android,mediatek,HD,6.8,HOT 20 Play
19999,samsung,purple,128,android,mediatek,4K,6.6,Galaxy A22 5G
13980,redmi,white,64,android,mediatek,Full HD,6.4,Note 11 SE
14476,redmi,blue,128,android,unknown,Full HD,6.4,Note 11
24999,samsung,black,128,android,unknown,4K,6.7,Galaxy M52 5G
17999,redmi,blue,64,android,qualcomm,Full HD,6.3,Note 6 Pro
19990,vivo,blue,128,android,mediatek,4K,6.4,S1
20990,vivo,blue,64,android,mediatek,4K,6.4,S1
13999,samsung,blue,64,android,samsung,HD,6.5,Galaxy A12
8499,samsung,black,32,android,mediatek,HD,6.5,Galaxy M02
14775,samsung,blue,64,android,samsung,Full HD,6.4,Galaxy M21
12999,redmi,white,64,android,qualcomm,Full HD,6.3,Note 8
13499,redmi,black,64,android,qualcomm,HD,6.0,Y2
9499,vivo,green,32,android,mediatek,HD,6.5,Y15s
27990,vivo,black,128,android,qualcomm,Full HD,6.4,V17
10990,vivo,purple,32,android,qualcomm,HD,6.2,Y91
19990,oppo,black,128,android,mediatek,Full HD,6.4,F17 Pro
17999,samsung,blue,128,android,qualcomm,HD,6.5,Galaxy A12
18990,vivo,purple,64,android,qualcomm,HD,6.2,Y95
16479,samsung,green,128,android,samsung,4K,6.6,Galaxy M33 5G
16980,oppo,black,128,android,qualcomm,Full HD,6.5,A52
27990,oppo,red,128,android,mediatek,Full HD,6.2,F7
17691,oneplus,black,128,android,unknown,Full HD,6.6,Nord CE 2 Lite 5G
9049,tecno,green,64,android,unknown,HD,6.5,SPARK 7
12280,tecno,blue,64,android,mediatek,HD,6.6,Spark 10 5G
8597,samsung,blue,32,android,qualcomm,HD,6.5,M02s
14463,samsung,black,256,android,qualcomm,Full HD,6.1,Galaxy S23 5G
12999,samsung,black,64,android,samsung,HD,6.5,Galaxy A12
12499,infinix,green,64,android,mediatek,Full HD,6.7,Note 11
23990,redmi,black,128,android,unknown,Full HD,6.7,Note 11 Pro
15537,oneplus,black,256,android,unknown,4K,6.6,9RT 5G
29999,motorola,blue,256,android,mediatek,Full HD,6.5,Edge 40
31999,samsung,black,128,android,qualcomm,Full HD,6.5,Galaxy A52
14999,mi,grey,32,android,qualcomm,Full HD,6.4,Max
21999,oneplus,blue,256,android,qualcomm,Full HD,6.4,Nord
17999,redmi,white,128,android,mediatek,Full HD,6.5,Note 8 Pro
14999,infinix,green,64,android,mediatek,HD,7.0,Note 7
18990,samsung,grey,128,android,qualcomm,HD,6.6,Galaxy M42
25990,vivo,blue,128,android,mediatek,Full HD,6.4,V25 5G
13999,infinix,blue,64,android,mediatek,Full HD,7.0,Note 11s
18490,redmi,white,128,android,unknown,Full HD,6.6,Note 11T 5G
32990,oppo,black,128,android,mediatek,Full HD,6.4,Reno3 Pro
15999,samsung,green,64,android,samsung,Full HD,6.4,Galaxy F41
32999,oppo,blue,256,android,mediatek,Full HD,6.7,Reno10 5G
13999,redmi,black,64,android,qualcomm,Full HD,6.7,Note 12
20999,xiaomi,black,128,android,unknown,Full HD,6.5,11Lite NE
39999,oppo,silver,256,android,qualcomm,Full HD,6.7,Reno10 Pro 5G
17499,oppo,black,128,android,mediatek,HD,6.6,K10 5G
11990,tecno,grey,128,android,mediatek,4K,6.8,Camon 18
17999,samsung,black,128,android,samsung,HD,6.5,Galaxy A12
21990,oppo,purple,128,android,mediatek,4K,6.5,F11
13999,infinix,grey,64,android,mediatek,Full HD,7.0,Note 11s
10499,redmi,black,64,android,mediatek,Full HD,6.5,9 Prime
24999,motorola,green,128,android,qualcomm,Full HD,6.5,edge 30
18999,infinix,silver,128,android,mediatek,Full HD,6.8,Zero 8i
39990,oppo,black,256,android,qualcomm,Full HD,6.5,Reno2
6464,tecno,blue,32,android,unisoc,HD,6.5,Pop 5 LTE
24900,samsung,white,128,android,samsung,Full HD,6.4,Galaxy A50s
9990,oppo,black,32,android,mediatek,HD,6.5,A16k
17990,oppo,black,32,android,mediatek,Full HD,6.0,F5 Youth
8699,realme,blue,64,android,unisoc,HD,6.5,C30s
11999,infinix,black,128,android,mediatek,Full HD,6.8,Hot 11S
9999,realme,gold,64,android,unisoc,HD,6.5,C33 2023
9999,vivo,grey,64,android,mediatek,HD,6.5,Y02t
7999,infinix,green,64,android,mediatek,HD,6.8,HOT 20 Play
6999,tecno,purple,32,android,unknown,HD,6.5,Spark Go 2022
29990,vivo,gold,128,android,mediatek,Full HD,6.4,V23 5G
7999,tecno,white,32,android,mediatek,HD,6.5,Spark Go 2020
6499,redmi,blue,16,android,unknown,HD,5.5,6A
32537,oppo,silver,256,android,mediatek,Full HD,6.7,Reno10 5G
7990,redmi,black,32,android,qualcomm,HD,6.3,7
23999,redmi,blue,256,android,unknown,Full HD,6.7,Note 11 PRO Plus 5G
7999,redmi,red,32,android,qualcomm,HD,6.2,8A
9499,realme,black,64,android,mediatek,HD,6.2,3
16999,realme,blue,128,android,mediatek,Full HD,6.5,6
17890,oneplus,grey,128,android,unknown,Full HD,6.7,Nord CE 3 Lite 5G
9999,redmi,grey,64,android,qualcomm,HD,6.2,8A Dual
27819,oneplus,grey,128,android,unknown,Full HD,6.7,Nord 2T 5G
17999,oppo,green,128,android,mediatek,4K,6.5,F11
14990,redmi,white,64,android,mediatek,Full HD,6.6,Note 10T 5G
28799,oneplus,grey,128,android,unknown,Full HD,6.7,Nord 2T 5G
10990,vivo,black,32,android,qualcomm,HD,6.5,Y12G
21252,oneplus,black,256,android,unknown,Full HD,6.7,11R 5G
54999,oppo,silver,256,android,qualcomm,Full HD,6.7,Reno10 Pro+ 5G
25546,oneplus,green,128,android,qualcomm,2K,6.8,8 Pro
16999,motorola,green,128,android,qualcomm,Full HD,6.4,G71 5G
13990,oppo,black,128,android,qualcomm,HD,6.5,A53
18884,vivo,gold,128,android,unknown,4K,6.6,Y33T
28546,vivo,black,128,android,qualcomm,Full HD,6.3,X21
11499,redmi,blue,64,android,mediatek,Full HD,6.4,Note 11 SE
23999,redmi,blue,128,android,mediatek,Full HD,6.7,Note 12 Pro 5G
28858,xiaomi,black,256,android,unknown,4K,6.7,11T Pro 5G Hyperphone
14499,vivo,green,64,android,mediatek,HD,6.5,Y22
17480,redmi,purple,128,android,mediatek,Full HD,6.4,Note 10S
14499,vivo,blue,128,android,mediatek,HD,6.5,Y22
15798,samsung,blue,128,android,mediatek,Full HD,6.3,Galaxy M40
10999,realme,purple,32,android,qualcomm,HD,6.5,5
14990,vivo,black,128,android,mediatek,HD,6.5,Y20G
10999,vivo,blue,64,android,qualcomm,HD,6.3,U10
14999,samsung,black,64,android,unknown,Full HD,6.4,Galaxy M32
8999,infinix,purple,64,android,mediatek,HD,6.8,Hot 12
11499,samsung,black,32,android,mediatek,HD,6.5,Galaxy A03s
15499,tecno,blue,128,android,mediatek,4K,6.8,Pova Neo 5G
21490,samsung,blue,128,android,unknown,Full HD,6.3,Galaxy M40
9299,infinix,green,64,android,unisoc,HD,6.8,HOT 12 Play
25989,oneplus,grey,128,android,unknown,Full HD,6.4,Nord 2 5G
28999,samsung,purple,128,android,mediatek,4K,6.6,Galaxy A34 5G
14499,vivo,green,128,android,mediatek,HD,6.5,Y22
7199,infinix,black,32,android,mediatek,HD,6.5,Smart 5A
15490,samsung,blue,128,android,unknown,4K,6.6,Galaxy M14 5G
24999,realme,green,256,android,mediatek,Full HD,6.7,11 Pro 5G
17537,oneplus,black,256,android,unknown,2K,6.7,9 Pro 5G
10990,oppo,gold,16,android,qualcomm,HD,5.2,A71k
29547,oneplus,silver,256,android,qualcomm,Full HD,6.5,7T
21999,tecno,blue,256,android,mediatek,4K,6.7,Camon 20 Pro
8499,realme,black,64,android,unisoc,HD,6.5,C21Y
9000,samsung,black,32,android,qualcomm,HD,6.0,Galaxy J4 Plus
27999,oppo,blue,128,android,unknown,Full HD,6.4,F21PRO
18990,oppo,grey,64,android,mediatek,HD,5.5,F1S
9990,vivo,blue,32,android,qualcomm,HD,6.5,Y12s
10999,redmi,black,64,android,qualcomm,HD,6.2,8
23999,samsung,grey,128,android,mediatek,Full HD,6.6,Galaxy A22 5G
11099,motorola,green,64,android,mediatek,HD,6.5,g22
14537,oneplus,silver,256,android,unknown,4K,6.6,9RT 5G
16999,motorola,blue,128,android,samsung,Full HD,6.3,One Action
15546,samsung,black,64,android,samsung,2K,5.8,Galaxy S8
10499,realme,gold,128,android,unisoc,HD,6.5,C33 2023
18890,motorola,green,128,android,qualcomm,Full HD,6.4,G71 5G
12999,infinix,black,128,android,unisoc,HD,6.6,Hot 12 Pro
15499,oppo,blue,64,android,mediatek,HD,6.6,A77
11249,motorola,white,64,android,qualcomm,Full HD,6.6,g52
18990,oppo,green,128,android,qualcomm,HD,6.5,A9 2020
12790,redmi,blue,64,android,unknown,Full HD,6.4,Note 11
16999,infinix,grey,256,android,mediatek,Full HD,6.7,Note 12 Pro
8999,infinix,blue,64,android,mediatek,HD,6.5,Hot 8
23463,samsung,black,256,android,qualcomm,Full HD,6.7,Galaxy Z Flip3 5G
13990,vivo,black,64,android,mediatek,HD,6.5,Y20G 2021
28537,tecno,grey,256,android,unknown,4K,6.8,Phantom X2 5G
21495,realme,blue,128,android,mediatek,4K,6.4,Narzo 50 Pro 5G
15999,infinix,gold,256,android,mediatek,Full HD,6.8,Note 30 5G
15999,vivo,gold,128,android,mediatek,Full HD,6.6,T2x 5G
10999,infinix,silver,64,android,mediatek,Full HD,6.8,Hot 11S
15499,samsung,green,128,android,samsung,Full HD,6.6,Galaxy A14
7999,infinix,blue,64,android,mediatek,HD,6.6,HOT 30i
24990,oneplus,grey,128,android,unknown,Full HD,6.4,Nord CE 2 5G
16990,vivo,black,128,android,qualcomm,Full HD,6.6,T1 5G
9799,redmi,green,128,android,mediatek,HD,6.7,12C
13990,realme,black,64,android,qualcomm,Full HD,6.3,2 Pro
22999,realme,white,128,android,qualcomm,Full HD,6.4,GT Master Edition
16999,vivo,blue,128,android,qualcomm,Full HD,6.6,T1X
14900,tecno,black,64,android,mediatek,HD,6.6,Spark 10 5G
15537,oneplus,black,128,android,unknown,2K,6.7,10 Pro 5G
10999,infinix,black,64,android,mediatek,HD,6.8,Hot 10S
8095,tecno,black,64,android,unisoc,HD,6.6,Spark 8C
15690,samsung,grey,128,android,mediatek,Full HD,6.6,Galaxy A22 5G
24890,oneplus,blue,128,android,qualcomm,Full HD,6.4,Nord
11499,samsung,black,64,android,mediatek,HD,6.4,Galaxy F22
20546,oneplus,black,128,android,unknown,2K,6.7,9 Pro 5G
7989,tecno,black,64,android,unknown,HD,6.6,Pop 7 pro
22036,oneplus,blue,256,android,unknown,Full HD,6.5,9R 5G
11490,redmi,black,128,android,mediatek,Full HD,6.5,9 Prime
16999,redmi,purple,64,android,mediatek,Full HD,6.4,Note 10S
12999,motorola,grey,128,android,qualcomm,Full HD,6.8,G40 Fusion
8697,redmi,blue,64,android,unknown,HD,6.7,12C
29463,samsung,purple,256,android,qualcomm,Full HD,6.7,Galaxy Z Flip4 5G
9990,oppo,grey,16,android,qualcomm,HD,5.0,A37f
8541,tecno,black,64,android,mediatek,HD,6.6,Spark 9
9999,realme,black,128,android,unisoc,HD,6.7,C53
7990,tecno,black,64,android,mediatek,HD,6.6,Spark Go 2023
7479,redmi,green,64,android,unknown,Full HD,6.5,A2
14499,samsung,blue,128,android,samsung,Full HD,6.4,Galaxy F41
15499,vivo,blue,128,android,mediatek,HD,6.5,Y22
18999,redmi,white,128,android,mediatek,Full HD,6.5,Note 9
14999,realme,black,64,android,mediatek,Full HD,6.6,9i 5G
17999,realme,blue,128,android,qualcomm,Full HD,6.5,X
8490,tecno,black,32,android,mediatek,HD,6.5,Spark 7
10537,mi,grey,128,android,qualcomm,Full HD,6.7,10
22221,vivo,gold,64,android,qualcomm,HD,6.0,V7+
12999,infinix,white,128,android,unisoc,HD,6.6,Hot 12 Pro
20990,oppo,silver,128,android,qualcomm,Full HD,6.4,F17
7399,samsung,blue,32,android,mediatek,HD,6.5,Galaxy M02
7999,infinix,white,64,android,mediatek,HD,6.6,HOT 30i
13499,infinix,blue,128,android,mediatek,Full HD,6.8,HOT 30 5G
9490,samsung,black,32,android,qualcomm,HD,6.5,M02s
28999,xiaomi,black,128,android,mediatek,Full HD,6.7,11i Hypercharge 5G
7760,tecno,purple,64,android,mediatek,HD,6.6,Spark Go 2023
10999,redmi,gold,32,android,qualcomm,Full HD,6.0,Note 5
10999,tecno,black,128,android,mediatek,HD,6.8,Pova Neo
15999,mi,blue,128,android,qualcomm,HD,6.1,A3
21000,samsung,black,64,android,samsung,4K,6.4,Galaxy A50
8888,tecno,purple,64,android,mediatek,HD,6.6,Spark Go 2023
8977,tecno,blue,64,android,unisoc,HD,6.6,Spark 8C
11999,redmi,black,128,android,mediatek,HD,6.5,9 Activ
13490,oppo,gold,16,android,mediatek,HD,5.2,A71
7295,redmi,green,32,android,mediatek,HD,6.5,A2
22840,redmi,blue,128,android,unknown,Full HD,6.7,Note 11 Pro
26999,redmi,black,256,android,mediatek,Full HD,6.7,Note 12 Pro 5G
16999,vivo,black,128,android,qualcomm,Full HD,6.6,Y36
23990,oppo,white,128,android,mediatek,4K,6.5,F11
7999,infinix,black,64,android,mediatek,HD,6.6,HOT 30i
23900,samsung,black,128,android,unknown,4K,6.5,GALAXY M31S
8999,redmi,blue,32,android,qualcomm,HD,6.2,8A
8999,infinix,blue,128,android,mediatek,HD,6.6,HOT 30i
11073,samsung,silver,256,android,qualcomm,4K,7.6,Galaxy Z Fold3 5G
10499,tecno,gold,64,android,mediatek,HD,6.3,Spark Power
7537,realme,white,256,android,qualcomm,2K,6.7,GT 2 Pro
9990,oppo,red,16,android,mediatek,HD,5.7,A83
32999,oppo,blue,256,android,mediatek,Full HD,6.7,Reno10 5G
22537,vivo,black,256,android,mediatek,Full HD,6.8,V27 Pro 5G
14999,samsung,blue,64,android,mediatek,HD,6.5,Galaxy A12
11999,motorola,silver,128,android,qualcomm,Full HD,6.5,G32
13940,tecno,black,128,android,mediatek,4K,6.8,Camon 19
19990,oppo,white,128,android,mediatek,Full HD,6.4,F17 Pro
11099,motorola,blue,64,android,mediatek,HD,6.5,g22
14999,infinix,blue,64,android,mediatek,HD,7.0,Note 7
7999,tecno,blue,32,android,mediatek,HD,6.5,Spark 8
23999,vivo,black,128,android,qualcomm,Full HD,6.4,T1 Pro 5G
10990,oppo,black,16,android,qualcomm,HD,5.2,A71 New Edition
8601,oneplus,green,128,android,unknown,2K,6.7,11 5G
9575,redmi,blue,128,android,mediatek,HD,6.7,12C
29656,oneplus,black,256,android,unknown,4K,6.7,10R 5G
21990,vivo,black,128,android,qualcomm,Full HD,6.6,T1 5G
25999,vivo,gold,256,android,qualcomm,Full HD,6.4,Y100A
13402,samsung,blue,128,android,unknown,Full HD,6.4,Galaxy M32
14111,redmi,green,64,android,unknown,Full HD,6.6,11 Prime 5G
45999,oppo,green,256,android,mediatek,Full HD,6.7,Reno8 Pro 5G
17990,vivo,blue,64,android,qualcomm,Full HD,6.5,Z1Pro
10300,redmi,black,64,android,mediatek,HD,6.5,9 Activ
15990,oppo,black,128,android,mediatek,HD,6.5,A53s 5G
29463,samsung,black,256,android,qualcomm,Full HD,6.6,Galaxy S23 Plus 5G
8899,tecno,blue,64,android,mediatek,HD,6.6,Spark 8
15499,samsung,blue,128,android,qualcomm,Full HD,6.6,Galaxy F23 5G
30537,realme,green,128,android,qualcomm,Full HD,6.6,GT 2
29990,oppo,blue,256,android,mediatek,Full HD,6.4,Reno3 Pro
15990,vivo,red,64,android,mediatek,HD,6.3,Y15
6999,infinix,black,16,android,mediatek,HD,5.5,Smart 2
22537,vivo,blue,256,android,mediatek,Full HD,6.8,V27 Pro 5G
16999,realme,black,128,android,mediatek,Full HD,6.6,9i 5G
32536,samsung,blue,128,android,samsung,Full HD,6.5,Galaxy A53
9990,oppo,blue,32,android,mediatek,HD,6.2,A12
30999,oneplus,blue,128,android,unknown,Full HD,6.7,10R 5G
14248,samsung,blue,64,android,samsung,Full HD,6.4,Galaxy M21
32537,oppo,silver,256,android,mediatek,Full HD,6.7,Reno10 5G
24990,redmi,blue,256,android,unknown,Full HD,6.7,Note 11 PRO Plus 5G
16999,samsung,black,128,android,mediatek,HD,6.5,M32 5G
23999,xiaomi,green,128,android,mediatek,Full HD,6.7,11i Hypercharge 5G
10649,redmi,gold,32,android,qualcomm,Full HD,5.5,Note 4
15999,redmi,gold,128,android,qualcomm,Full HD,6.7,Note 12
29999,oppo,gold,128,android,qualcomm,Full HD,6.7,Reno8T 5G
9537,oneplus,green,128,android,unknown,2K,6.7,11 5G
8999,redmi,silver,32,android,qualcomm,HD,5.0,3S Prime
20999,redmi,black,128,android,mediatek,Full HD,6.6,K50i 5G
14499,samsung,black,128,android,samsung,Full HD,6.4,Galaxy F41
15999,realme,black,64,android,mediatek,Full HD,6.5,6i
14198,tecno,blue,128,android,unknown,HD,6.6,Spark 10 5G
16999,realme,blue,128,android,mediatek,Full HD,6.6,9i 5G
8210,redmi,green,64,android,unknown,HD,6.5,A2+
10999,motorola,silver,64,android,qualcomm,Full HD,6.5,G32
10999,infinix,black,32,android,qualcomm,HD,6.2,Hot S3X
89999,oppo,purple,256,android,mediatek,Full HD,6.8,Find N2 Flip
28999,oneplus,blue,256,android,qualcomm,Full HD,6.5,7T
24999,samsung,black,128,android,unknown,4K,6.4,Galaxy A32
9490,samsung,blue,32,android,qualcomm,HD,6.2,Galaxy A10s
10499,vivo,blue,32,android,qualcomm,HD,6.5,Y12G
17999,oneplus,grey,128,android,unknown,Full HD,6.4,Nord CE 2 5G
11999,vivo,blue,64,android,qualcomm,Full HD,6.6,T1X
7460,redmi,black,64,android,unknown,Full HD,6.5,A2
21990,oppo,purple,128,android,qualcomm,HD,6.5,A9 2020
10985,tecno,blue,128,android,mediatek,HD,6.6,Spark 10
18499,redmi,blue,128,android,unknown,Full HD,6.6,Note 11T 5G
15490,vivo,blue,64,android,qualcomm,HD,6.5,Y20A 2021
9999,motorola,blue,128,android,mediatek,HD,6.5,g13
29999,redmi,white,256,android,mediatek,Full HD,6.7,Note 12 Pro+ 5G
32537,oppo,blue,256,android,mediatek,Full HD,6.7,Reno10 5G
16999,vivo,black,128,android,qualcomm,Full HD,6.6,Y35
11890,redmi,purple,128,android,mediatek,HD,6.5,9 Activ
12990,tecno,black,128,android,mediatek,Full HD,6.8,Spark 10 Pro
13499,redmi,red,64,android,qualcomm,Full HD,6.0,Note 5 Pro
30499,samsung,white,128,android,qualcomm,Full HD,6.5,Galaxy A52
22990,oppo,white,128,android,mediatek,Full HD,6.4,F15
6499,redmi,blue,16,android,qualcomm,HD,5.5,7A
16999,realme,black,128,android,mediatek,Full HD,6.4,10
14285,tecno,red,256,android,mediatek,4K,6.7,Camon 20
14999,mi,grey,64,android,qualcomm,HD,6.1,A3
35990,oppo,blue,128,android,mediatek,Full HD,6.5,Reno5 Pro 5G
23068,samsung,black,128,android,unknown,4K,6.7,Galaxy M52 5G
8999,infinix,black,64,android,mediatek,HD,6.8,Hot 12
9999,redmi,blue,64,android,qualcomm,HD,6.7,10
32537,oppo,silver,256,android,mediatek,Full HD,6.7,Reno10 5G
13999,samsung,blue,64,android,samsung,Full HD,6.4,Galaxy M30s
17990,oppo,blue,128,android,mediatek,HD,6.5,A53s 5G
6999,redmi,white,16,android,qualcomm,HD,4.7,2 Prime
18927,samsung,green,256,android,qualcomm,4K,7.6,Galaxy Z Fold3 5G
7290,redmi,green,32,android,unknown,HD,6.5,9A Sport
29775,vivo,black,128,android,unknown,Full HD,6.6,V25 pro
10499,samsung,black,64,android,samsung,HD,6.5,Galaxy F12
10999,motorola,blue,64,android,mediatek,HD,6.5,e22s
29800,oppo,black,128,android,mediatek,Full HD,6.4,F19 Pro+ 5G
17499,mi,blue,128,android,qualcomm,Full HD,6.5,11 Lite
14648,redmi,gold,128,android,unknown,Full HD,6.7,NOTE 10 LITE
13999,samsung,black,64,android,samsung,HD,6.5,Galaxy A12
10990,oppo,blue,32,android,mediatek,HD,6.5,A15
24999,redmi,purple,128,android,mediatek,Full HD,6.7,Note 12 Pro 5G
15200,samsung,black,128,android,unknown,4K,6.4,Galaxy M32 Prime Edition
10990,oppo,red,32,android,qualcomm,HD,6.2,A3s
15990,oppo,red,32,android,qualcomm,HD,6.2,A5
14999,samsung,white,128,android,samsung,Full HD,6.6,Galaxy A13
10999,vivo,black,64,android,mediatek,HD,6.5,Y16
6999,redmi,grey,32,android,qualcomm,HD,5.0,5A
26537,samsung,purple,128,android,samsung,Full HD,6.4,Galaxy A54 5G
11490,samsung,blue,64,android,unknown,4K,6.4,Galaxy M21 2021 Edition
9590,redmi,grey,32,android,unknown,HD,6.5,10A
7299,motorola,white,64,android,unisoc,HD,6.5,e13
21999,oneplus,silver,128,android,unknown,4K,6.4,Nord CE 5G
14999,vivo,black,128,android,qualcomm,Full HD,6.6,T1X
30537,samsung,blue,128,android,unknown,4K,6.7,Galaxy M52 5G
26537,oneplus,black,256,android,unknown,Full HD,6.7,10R 5G
22537,realme,white,256,android,mediatek,Full HD,6.7,GT NEO 3
12999,infinix,green,128,android,unisoc,HD,6.6,Hot 12 Pro
12999,redmi,red,64,android,qualcomm,HD,6.3,Y3
6500,redmi,black,16,android,unknown,HD,5.5,6A
20846,oneplus,silver,256,android,unknown,Full HD,6.7,11R 5G
12840,redmi,black,128,android,unknown,Full HD,6.7,10 Power
27599,oneplus,grey,128,android,unknown,Full HD,6.7,Nord 2T 5G
8999,infinix,blue,64,android,mediatek,HD,6.8,Hot 12
12900,samsung,green,32,android,qualcomm,HD,6.5,Galaxy A20s
8749,realme,silver,64,android,unisoc,HD,6.5,C31
30537,realme,white,128,android,qualcomm,Full HD,6.6,GT 2
9999,samsung,black,64,android,samsung,HD,5.6,Galaxy J6
13999,redmi,black,64,android,qualcomm,Full HD,6.3,Note 7S
6599,redmi,blue,32,android,mediatek,HD,6.5,A1+
8949,tecno,blue,64,android,mediatek,4K,6.6,Spark 8T
14099,redmi,black,64,android,unknown,Full HD,6.6,11 Prime 5G
13999,samsung,green,64,android,samsung,Full HD,6.6,Galaxy A14
19990,oppo,black,32,android,mediatek,Full HD,6.0,F5
15990,oppo,black,64,android,qualcomm,HD,6.5,A5 2020
24999,xiaomi,purple,128,android,mediatek,Full HD,6.7,11i 5G
30546,oneplus,green,256,android,unknown,Full HD,6.7,10R
10999,redmi,blue,128,android,qualcomm,HD,6.7,10
11999,realme,blue,64,android,qualcomm,HD,6.5,5
14049,samsung,green,128,android,unknown,HD,6.5,GALAXY M13 5G
18499,redmi,blue,128,android,mediatek,Full HD,6.4,Note 10S
13810,tecno,blue,256,android,mediatek,4K,6.7,Camon 20
18990,vivo,blue,128,android,mediatek,HD,6.5,Y30
6489,redmi,blue,32,android,unknown,Full HD,6.5,A2
25537,mi,white,256,android,qualcomm,Full HD,6.7,11X Pro 5G
9999,infinix,blue,64,android,mediatek,Full HD,6.7,NOTE 12i
11999,realme,silver,32,android,mediatek,HD,6.5,C15
25999,vivo,black,256,android,qualcomm,Full HD,6.4,Y100A
17676,oneplus,blue,128,android,unknown,Full HD,6.6,Nord CE 2 Lite 5G
9239,tecno,gold,64,android,mediatek,4K,6.6,Spark 8P
10397,redmi,black,128,android,unknown,HD,6.5,10A SPORT
11370,samsung,blue,64,android,unknown,4K,6.4,Galaxy M32 Prime Edition
8999,motorola,grey,64,android,unisoc,HD,6.5,e40
15499,vivo,blue,128,android,qualcomm,Full HD,6.6,Y21T
6999,samsung,black,16,android,qualcomm,HD,5.0,Galaxy J2 Core
22999,redmi,blue,256,android,unknown,Full HD,6.7,Note 11 PRO Plus 5G
12499,infinix,black,64,android,mediatek,Full HD,6.7,Note 11
24990,oneplus,red,256,android,unknown,Full HD,6.4,7
10999,motorola,grey,64,android,qualcomm,Full HD,6.5,G32
8185,samsung,green,64,android,mediatek,HD,6.5,Galaxy M04
30546,oneplus,green,256,android,unknown,Full HD,6.7,10R 5G
11499,samsung,blue,64,android,mediatek,HD,6.4,Galaxy F22
15990,oppo,black,64,android,mediatek,HD,6.2,A5s
24999,redmi,white,128,android,qualcomm,Full HD,6.4,K20
9999,infinix,black,64,android,unisoc,Full HD,6.7,Hot 11 2022
13990,oppo,blue,128,android,qualcomm,HD,6.5,A53
14999,infinix,black,128,android,mediatek,Full HD,6.8,Note 30 5G
27537,samsung,purple,128,android,qualcomm,Full HD,6.5,Galaxy A52s 5G
24999,realme,grey,256,android,qualcomm,Full HD,6.4,GT Master Edition
27990,vivo,white,128,android,qualcomm,Full HD,6.4,V17
7290,redmi,blue,32,android,mediatek,HD,6.5,9A
15980,samsung,black,128,android,samsung,Full HD,6.4,Galaxy M21
13999,redmi,blue,64,android,qualcomm,Full HD,6.7,Note 12
11999,motorola,black,32,android,qualcomm,HD,6.0,E5 Plus
23990,vivo,blue,64,android,qualcomm,Full HD,6.3,V9
16999,redmi,black,64,android,qualcomm,Full HD,6.3,Note 7 Pro
28429,mi,silver,128,android,qualcomm,Full HD,6.7,11X Pro 5G
14990,vivo,blue,128,android,unknown,HD,6.5,Y20G
18300,oppo,grey,32,android,mediatek,HD,5.5,F1S
14999,infinix,black,128,android,mediatek,Full HD,6.7,Note 12 TURBO
89999,oppo,black,256,android,mediatek,Full HD,6.8,Find N2 Flip
21290,redmi,blue,128,android,unknown,Full HD,6.6,Note 11T 5G
18999,samsung,blue,128,android,unknown,4K,6.5,Galaxy M31s
14999,infinix,black,128,android,mediatek,Full HD,6.8,Zero 5G 2023
8878,tecno,gold,64,android,mediatek,Full HD,6.6,Spark 9T
32037,samsung,white,128,android,samsung,Full HD,6.5,Galaxy A53
30999,samsung,silver,128,android,mediatek,4K,6.6,Galaxy A34 5G
13990,oppo,black,64,android,mediatek,HD,6.5,A54
17990,vivo,black,128,android,qualcomm,Full HD,6.6,T1 5G
29999,oppo,black,128,android,mediatek,Full HD,6.4,Reno8 5G
9499,samsung,blue,32,android,mediatek,HD,6.5,Galaxy F02s
6998,tecno,black,64,android,unknown,HD,6.6,Pop 7 pro
10499,realme,silver,64,android,mediatek,Full HD,6.5,Narzo 30
27537,realme,blue,128,android,qualcomm,Full HD,6.4,GT 5G
14995,samsung,black,128,android,unknown,Full HD,6.4,Galaxy M32
16490,oppo,blue,128,android,qualcomm,HD,6.6,A76
16999,infinix,red,64,android,mediatek,4K,5.9,Note 5 Stylus
13499,infinix,blue,128,android,mediatek,4K,6.6,Hot 20 5G
16990,vivo,purple,64,android,mediatek,HD,6.2,Y83 Pro
8400,tecno,white,64,android,unknown,HD,6.6,Spark 9
15537,motorola,black,256,android,qualcomm,Full HD,6.7,Edge 30 Ultra
7499,realme,black,32,android,unisoc,HD,6.5,C21Y
19000,samsung,black,128,android,unknown,HD,6.5,Galaxy M32 5G
23990,redmi,blue,128,android,unknown,Full HD,6.7,Note 11 PRO Plus 5G
9448,redmi,purple,64,android,unknown,HD,6.7,12C
14990,vivo,gold,32,android,mediatek,HD,5.5,Y69
18690,oppo,black,128,android,unknown,HD,6.6,A 78 5G
9498,samsung,red,32,android,unisoc,HD,6.5,Galaxy A03
17754,vivo,grey,128,android,qualcomm,Full HD,6.6,Y72 5G
11499,realme,silver,64,android,mediatek,Full HD,6.5,Narzo 30
9999,motorola,blue,64,android,mediatek,HD,6.5,G10 Power
28990,oppo,white,128,android,mediatek,Full HD,6.5,Reno2 F
24999,motorola,grey,128,android,qualcomm,Full HD,6.7,G 5G
23990,samsung,blue,128,android,qualcomm,Full HD,6.6,Galaxy A23 5G
8999,redmi,grey,32,android,qualcomm,HD,5.0,3S Prime
10999,vivo,green,64,android,mediatek,HD,6.5,Y15c
24999,motorola,grey,128,android,qualcomm,Full HD,6.5,Edge 30
8490,vivo,blue,32,android,mediatek,HD,6.2,Y91i
17490,redmi,black,128,android,unknown,Full HD,6.7,Note 11 Pro
9900,oppo,white,32,android,mediatek,HD,6.5,A16E
10999,infinix,black,64,android,mediatek,Full HD,6.7,Note 12
15990,tecno,blue,128,android,mediatek,HD,6.8,Pova Neo
14999,redmi,red,64,android,qualcomm,Full HD,6.3,Note 7
12990,oppo,green,64,android,mediatek,HD,6.5,A31
7364,samsung,grey,32,android,mediatek,HD,6.5,Galaxy M02
30490,oneplus,black,128,android,unknown,Full HD,6.7,10R
20537,xiaomi,black,256,android,qualcomm,Full HD,6.7,12 Pro 5G
9498,samsung,red,32,android,unisoc,HD,6.5,Galaxy A03
32999,oppo,blue,256,android,mediatek,Full HD,6.7,Reno10 5G
11290,redmi,black,64,android,unknown,Full HD,6.5,10 Prime
13199,redmi,blue,64,android,unknown,Full HD,6.7,NOTE 10 LITE
13499,redmi,white,64,android,unknown,Full HD,6.7,Note 10 lite
39990,oppo,black,128,android,unknown,HD,6.4,Reno
14699,tecno,blue,128,android,mediatek,HD,6.6,Spark 10 5G
23999,vivo,gold,128,android,mediatek,Full HD,6.4,Y100 5G
9490,oppo,black,32,android,mediatek,HD,6.5,A16k
13999,tecno,white,128,android,mediatek,HD,6.6,Spark 10 5G
13999,realme,black,64,android,mediatek,Full HD,6.4,10
32537,samsung,green,128,android,unknown,Full HD,6.7,Galaxy M53 5G
10990,vivo,black,32,android,qualcomm,HD,6.3,U10
9499,oppo,blue,64,android,mediatek,HD,6.6,A17k
9999,infinix,white,64,android,unisoc,HD,6.6,Hot 12 Pro
15999,samsung,green,64,android,samsung,Full HD,6.6,Galaxy A13
15999,tecno,silver,128,android,mediatek,4K,6.9,Pova 3
24537,samsung,black,128,android,qualcomm,Full HD,6.5,Galaxy A52s 5G
9499,tecno,green,64,android,mediatek,HD,6.6,SPARK 7 Pro
17999,samsung,black,128,android,unknown,4K,6.5,Galaxy M31s
16999,motorola,grey,64,android,qualcomm,Full HD,6.8,G40 Fusion
7790,redmi,black,32,android,unknown,HD,6.5,9A Sport
19990,vivo,blue,64,android,qualcomm,Full HD,6.4,Z1x
7999,motorola,red,32,android,mediatek,HD,6.5,E7 Power
45999,oppo,black,256,android,mediatek,Full HD,6.7,Reno8 Pro 5G
16990,oppo,black,128,android,qualcomm,Full HD,6.6,K10
9990,tecno,blue,64,android,unisoc,HD,6.6,Spark 8C
26999,oneplus,blue,128,android,unknown,4K,6.4,Nord 2 5G
8788,tecno,blue,64,android,mediatek,4K,6.6,Spark 9T
8482,redmi,black,32,android,unknown,HD,6.5,10A
6499,realme,blue,32,android,unisoc,HD,6.5,C30
11999,infinix,purple,128,android,mediatek,Full HD,6.8,Hot 11S
8499,samsung,grey,32,android,mediatek,HD,6.5,Galaxy M02
15999,redmi,white,128,android,qualcomm,Full HD,6.3,Note 8
32495,oneplus,blue,128,android,unknown,Full HD,6.7,10R 5G
12879,samsung,blue,128,android,unknown,HD,6.6,GALAXY M13
21070,samsung,purple,128,android,samsung,Full HD,6.4,Galaxy A50s
30636,samsung,blue,256,android,samsung,Full HD,6.5,Galaxy A53
32537,oneplus,green,256,android,unknown,Full HD,6.5,8T 5G
23999,redmi,silver,256,android,mediatek,Full HD,6.6,K50i 5G
20999,samsung,black,128,android,mediatek,HD,6.5,Galaxy M32 5G
27990,vivo,black,256,android,mediatek,Full HD,6.4,V25 5G
17000,samsung,black,64,android,qualcomm,HD,6.0,Galaxy J8
22898,samsung,black,128,android,unknown,4K,6.5,Galaxy M31s
8999,realme,grey,32,android,mediatek,HD,6.5,C11
15990,vivo,black,64,android,qualcomm,Full HD,6.5,Z1Pro
10999,motorola,black,64,android,mediatek,HD,6.5,g22
12999,redmi,black,64,android,qualcomm,Full HD,6.3,Note 8
32536,mi,silver,128,android,qualcomm,Full HD,6.7,10T
7450,tecno,blue,32,android,mediatek,HD,6.5,Spark go 2021
8999,infinix,blue,32,android,mediatek,Full HD,5.7,Note 4
28999,redmi,black,128,android,qualcomm,Full HD,6.4,K20 Pro
10499,samsung,white,32,android,qualcomm,HD,6.5,Galaxy F02s
11499,infinix,green,64,android,mediatek,4K,6.6,HOT 20 5G
29499,samsung,silver,128,android,qualcomm,Full HD,6.7,Galaxy A71
13998,tecno,black,128,android,mediatek,4K,6.9,Pova 3
22990,oppo,blue,128,android,qualcomm,Full HD,6.4,F17
15499,samsung,black,128,android,samsung,Full HD,6.6,Galaxy A14
13999,redmi,white,64,android,qualcomm,Full HD,6.3,Note 7S
24990,vivo,black,64,android,mediatek,Full HD,6.3,V11
15999,samsung,red,64,android,samsung,Full HD,6.6,Galaxy A14 5G
12990,samsung,green,128,android,samsung,Full HD,6.6,Galaxy F14 5G
15499,samsung,blue,128,android,samsung,Full HD,6.6,Galaxy A13
27537,oneplus,black,128,android,unknown,Full HD,6.5,9 5G
7199,infinix,blue,32,android,mediatek,HD,6.5,Smart 5A
16999,redmi,blue,64,android,qualcomm,Full HD,6.3,Note 7 Pro
9499,vivo,blue,32,android,mediatek,HD,6.5,Y15s
29990,vivo,blue,128,android,mediatek,Full HD,6.6,V25 Pro 5G
15999,vivo,blue,128,android,mediatek,Full HD,6.6,T2x 5G
7999,infinix,blue,32,android,mediatek,HD,6.2,Smart 3 Plus
8650,tecno,blue,64,android,mediatek,HD,6.5,Spark 8
12499,infinix,purple,128,android,mediatek,Full HD,7.0,Note 10
12999,redmi,purple,64,android,qualcomm,Full HD,6.3,Note 8
28546,oneplus,black,256,android,unknown,Full HD,6.7,10R 5G
11990,oppo,black,64,android,mediatek,HD,6.5,A53
25900,samsung,gold,32,android,samsung,Full HD,5.7,Galaxy A7-2017
12999,infinix,blue,128,android,unisoc,HD,6.6,Hot 12 Pro
14990,oppo,blue,128,android,qualcomm,Full HD,6.6,K10
20990,samsung,silver,128,android,samsung,Full HD,6.5,Galaxy A51
23999,realme,green,128,android,mediatek,Full HD,6.7,11 Pro 5G
10999,infinix,green,64,android,mediatek,Full HD,6.8,Hot 11S
24999,vivo,gold,128,android,mediatek,Full HD,6.4,V23e 5G
13499,samsung,black,128,android,mediatek,HD,6.4,Galaxy F22
23999,oneplus,blue,128,android,unknown,4K,6.4,Nord CE 5G
16999,redmi,blue,128,android,unknown,Full HD,6.5,10 Prime 2022
20990,samsung,black,128,android,unknown,4K,6.7,GALAXY M51
8200,samsung,gold,16,android,qualcomm,HD,5.0,Galaxy J2 2018
25999,samsung,blue,128,android,samsung,Full HD,6.4,Galaxy A33
11309,oppo,white,64,android,unknown,HD,6.5,A15S
21999,oneplus,silver,256,android,unknown,4K,6.4,Nord CE 5G
15999,infinix,black,128,android,mediatek,Full HD,6.7,Note 12 Pro 5G
9080,tecno,black,64,android,unknown,HD,6.5,SPARK 7
9999,realme,blue,64,android,unisoc,HD,6.5,C33 2023
6495,tecno,blue,32,android,unisoc,HD,6.5,Pop 5 LTE
13980,redmi,purple,64,android,mediatek,Full HD,6.4,Note 11 SE
30990,samsung,black,128,android,unknown,4K,6.5,A52s 5G
8999,infinix,purple,32,android,mediatek,HD,6.8,Smart 4
6999,realme,blue,32,android,unisoc,HD,6.5,C30s
16999,redmi,gold,64,android,qualcomm,Full HD,6.0,Note 5 Pro
29198,oneplus,grey,256,android,unknown,Full HD,6.7,Nord 2T 5G
12799,tecno,blue,128,android,mediatek,HD,6.8,POVA 4
10999,redmi,purple,128,android,mediatek,Full HD,6.6,11 Prime
16795,redmi,blue,64,android,unknown,Full HD,6.6,Note 11T 5G
29992,oneplus,grey,256,android,unknown,4K,6.4,Nord 2 5G
16999,redmi,silver,128,android,unknown,Full HD,6.6,11 Prime 5G
12499,redmi,black,128,android,unknown,Full HD,6.6,11 Prime
13989,oppo,black,64,android,mediatek,HD,6.6,A 57e
20999,realme,blue,128,android,qualcomm,Full HD,6.5,X
23990,mi,black,128,android,unknown,Full HD,6.7,11X
13499,redmi,gold,64,android,qualcomm,HD,6.0,Y2
24537,samsung,purple,128,android,qualcomm,Full HD,6.5,Galaxy A52s 5G
12999,realme,blue,128,android,qualcomm,HD,6.5,5s
17999,infinix,black,64,android,mediatek,4K,6.0,Zero 5
9999,realme,blue,64,android,unisoc,HD,6.5,C33
25036,oneplus,green,256,android,unknown,Full HD,6.7,10R 5G
13999,vivo,blue,128,android,mediatek,Full HD,6.6,T2x 5G
10999,realme,green,64,android,qualcomm,HD,6.5,5i
21249,oneplus,grey,256,android,unknown,Full HD,6.7,Nord CE 3 Lite 5G
15485,redmi,blue,128,android,unknown,HD,6.4,Note 11S
22537,oneplus,black,128,android,unknown,4K,6.6,9RT 5G
19999,samsung,blue,128,android,qualcomm,HD,6.5,Galaxy M32 5G
13999,infinix,green,64,android,mediatek,Full HD,7.0,Note 11s
9999,motorola,grey,32,android,mediatek,HD,5.5,E4 Plus
32990,oppo,white,128,android,mediatek,Full HD,6.4,Reno3 Pro
13537,vivo,blue,256,android,qualcomm,Full HD,6.6,X60 Pro+
27999,realme,green,256,android,mediatek,Full HD,6.7,11 Pro+ 5G
27546,vivo,blue,128,android,qualcomm,Full HD,6.6,X60
13648,tecno,green,128,android,mediatek,4K,6.8,Camon 19
9999,motorola,blue,64,android,mediatek,HD,6.5,G8 Power Lite
11890,redmi,black,64,android,unknown,Full HD,6.5,10 Prime
6969,redmi,gold,32,android,mediatek,HD,5.5,6A
10999,infinix,purple,64,android,mediatek,Full HD,6.8,Hot 11S
24537,vivo,black,256,android,mediatek,Full HD,6.8,V27 5G
11990,samsung,black,128,android,qualcomm,HD,6.5,Galaxy A04
19990,samsung,blue,128,android,samsung,4K,6.6,Galaxy M33 5G
26999,redmi,purple,256,android,mediatek,Full HD,6.7,Note 12 Pro 5G
29546,oneplus,green,256,android,unknown,Full HD,6.7,10R 5G
8991,samsung,blue,32,android,unisoc,HD,6.5,Galaxy A03
13536,samsung,black,128,android,qualcomm,4K,6.7,Galaxy A80
12990,redmi,blue,128,android,unknown,HD,6.5,10A SPORT
23999,mi,blue,64,android,qualcomm,Full HD,6.7,10i
9670,redmi,black,64,android,unknown,HD,6.7,12C
16999,motorola,blue,128,android,mediatek,Full HD,6.5,g73 5G
7299,motorola,green,64,android,unisoc,HD,6.5,e13
31609,samsung,green,512,android,qualcomm,4K,7.6,Galaxy Z Fold4 5G
24000,samsung,white,64,android,samsung,4K,6.4,Galaxy A50
16999,vivo,gold,128,android,qualcomm,Full HD,6.6,Y36
7449,realme,blue,32,android,unisoc,HD,6.5,C30s
14999,redmi,white,128,android,mediatek,Full HD,6.5,10 Prime
28537,realme,white,128,android,mediatek,Full HD,6.7,GT Neo 3
11975,samsung,white,64,android,samsung,HD,6.5,Galaxy A12
11999,realme,blue,32,android,qualcomm,HD,6.5,C15 Qualcomm Edition
13499,infinix,black,128,android,mediatek,4K,6.6,Hot 20 5G
21546,vivo,gold,256,android,mediatek,Full HD,6.6,V23 Pro 5G
18990,oppo,purple,256,android,mediatek,Full HD,6.4,F19 Pro
11637,tecno,blue,64,android,mediatek,4K,7.0,POVA 2
11200,samsung,gold,16,android,samsung,Full HD,5.5,Galaxy On Nxt
22980,oneplus,blue,64,android,qualcomm,Full HD,6.4,Nord
25546,vivo,black,128,android,qualcomm,Full HD,6.6,X50
10990,oppo,silver,64,android,qualcomm,HD,6.2,A12
7999,motorola,black,64,android,mediatek,HD,6.5,e32
26999,xiaomi,purple,128,android,mediatek,Full HD,6.7,11i 5G
25999,realme,blue,128,android,mediatek,Full HD,6.7,10 Pro+ 5G
25999,mi,silver,128,android,unknown,4K,6.7,11X 5G
22999,oneplus,silver,128,android,unknown,4K,6.4,Nord CE 5G
9999,motorola,silver,64,android,mediatek,HD,6.5,e32s
11490,redmi,black,64,android,qualcomm,Full HD,6.5,9 Power
31546,oneplus,grey,256,android,unknown,Full HD,6.7,Nord 2T 5G
26999,samsung,green,128,android,unknown,Full HD,6.7,M53 5G
32537,oppo,blue,256,android,mediatek,Full HD,6.7,Reno10 5G
21450,samsung,black,128,android,samsung,Full HD,6.4,Galaxy M42 5G
15999,redmi,blue,128,android,qualcomm,Full HD,6.7,Note 12
6999,infinix,purple,64,android,mediatek,HD,6.6,Smart 6
12185,samsung,black,64,android,samsung,HD,6.4,Galaxy M32 Prime Edition
13586,realme,black,128,android,unknown,4K,6.7,Narzo N55
12890,vivo,gold,64,android,unknown,HD,6.5,Y16
9990,realme,black,32,android,qualcomm,HD,6.2,2
11490,oppo,black,64,android,mediatek,HD,6.5,A31
25802,oneplus,silver,128,android,unknown,Full HD,6.7,11R 5G
8795,tecno,blue,64,android,mediatek,4K,6.6,Spark 9T
9498,tecno,black,64,android,unknown,4K,6.8,Spark 8 Pro
15490,vivo,blue,128,android,mediatek,Full HD,6.6,Y53s
18990,oppo,blue,64,android,qualcomm,HD,6.2,A7
14699,tecno,white,128,android,mediatek,4K,6.8,Camon 19
16999,redmi,black,128,android,qualcomm,Full HD,6.3,Note 7 Pro
17000,redmi,black,128,android,mediatek,Full HD,6.4,Note 10S
8499,realme,black,64,android,unisoc,HD,6.5,C30s
14889,redmi,blue,64,android,mediatek,Full HD,6.4,Note 10S
34990,oppo,white,128,android,qualcomm,Full HD,6.5,Reno4 Pro
10999,infinix,black,64,android,mediatek,Full HD,6.8,Hot 11S
13999,samsung,white,64,android,samsung,HD,6.5,Galaxy A21s
20990,oppo,gold,64,android,mediatek,Full HD,5.5,F3
20990,oppo,black,64,android,mediatek,Full HD,5.5,F3
11799,vivo,blue,64,android,mediatek,HD,6.5,Y15c
31000,samsung,red,128,android,samsung,4K,6.7,Galaxy A70s
24999,motorola,green,128,android,qualcomm,Full HD,6.5,Edge 30
29537,realme,blue,256,android,qualcomm,Full HD,6.5,X2 Pro
15990,oppo,blue,64,android,mediatek,HD,6.2,A5s
32537,redmi,white,256,android,mediatek,Full HD,6.7,Note 12 Pro+ 5G
27250,vivo,blue,256,android,mediatek,Full HD,6.4,Y100 A 5G
60990,oppo,blue,256,android,qualcomm,Full HD,6.4,Find X
7990,tecno,blue,32,android,mediatek,HD,6.5,spark 7
20999,xiaomi,blue,128,android,qualcomm,4K,6.5,11Lite NE
24999,motorola,silver,128,android,qualcomm,Full HD,6.7,G 5G
16999,infinix,black,256,android,mediatek,Full HD,7.0,Note 10 Pro
19990,oppo,blue,128,android,mediatek,Full HD,6.4,F17 Pro
23537,samsung,grey,128,android,qualcomm,Full HD,6.7,Galaxy A73 5G
23537,vivo,blue,256,android,qualcomm,Full HD,6.6,X50
6299,redmi,green,32,android,mediatek,HD,6.5,A1+
28858,xiaomi,white,256,android,unknown,4K,6.7,11T Pro 5G Hyperphone
18990,oppo,gold,64,android,qualcomm,HD,6.2,A7
8799,motorola,black,64,android,mediatek,HD,6.5,e22s
16999,samsung,blue,64,android,unknown,HD,6.5,Galaxy M32
11999,redmi,black,64,android,qualcomm,Full HD,6.0,Note 5
22970,xiaomi,blue,128,android,qualcomm,4K,6.5,11Lite NE
10490,oppo,black,32,android,qualcomm,HD,6.5,A33
23999,samsung,silver,128,android,qualcomm,Full HD,6.6,Galaxy A23 5G
6609,samsung,black,256,android,qualcomm,4K,7.6,Galaxy Fold 2
17999,samsung,blue,128,android,mediatek,HD,6.5,Galaxy A12
20990,oppo,white,128,android,mediatek,Full HD,6.4,F15
16499,samsung,blue,128,android,samsung,Full HD,6.4,Galaxy M21
19888,redmi,white,128,android,unknown,Full HD,6.7,Note 11 Pro
21999,mi,black,128,android,qualcomm,Full HD,6.5,11 Lite
31999,oneplus,blue,128,android,unknown,Full HD,6.7,10R 5G
14999,realme,gold,64,android,mediatek,Full HD,6.6,9i 5G
9999,vivo,blue,32,android,mediatek,HD,6.5,Y01
31999,samsung,white,128,android,samsung,Full HD,6.5,Galaxy A53
14990,vivo,blue,64,android,qualcomm,HD,6.5,Y20T
15999,samsung,black,64,android,samsung,Full HD,6.4,Galaxy F41
17900,samsung,gold,64,android,samsung,Full HD,5.5,Galaxy On Nxt
22990,oppo,blue,128,android,mediatek,Full HD,6.4,F15
14499,realme,black,64,android,qualcomm,Full HD,6.6,9i
24999,mi,white,32,android,qualcomm,Full HD,5.2,5
9999,samsung,blue,64,android,samsung,HD,5.6,Galaxy J6
39990,oppo,black,128,android,unknown,HD,6.4,Reno
23999,samsung,grey,128,android,samsung,HD,6.6,Galaxy F62
19900,samsung,gold,32,android,mediatek,Full HD,5.7,Galaxy On Max
13999,redmi,gold,64,android,qualcomm,Full HD,6.7,Note 12
18500,oppo,black,64,android,mediatek,Full HD,6.5,F11 Pro
31999,samsung,black,128,android,samsung,Full HD,6.5,Galaxy A53
11499,samsung,blue,64,android,unisoc,HD,6.5,Galaxy A03
31999,realme,blue,128,android,qualcomm,Full HD,6.6,GT NEO 2
17996,samsung,blue,128,android,unknown,4K,6.7,GALAXY M51
6490,redmi,gold,16,android,unknown,HD,5.5,6A
16990,vivo,white,64,android,qualcomm,HD,6.5,Y20
15999,redmi,black,64,android,qualcomm,Full HD,6.3,Note 6 Pro
24999,mi,black,32,android,qualcomm,Full HD,5.2,5
7499,realme,blue,32,android,unisoc,HD,6.5,C21Y
24609,samsung,black,256,android,qualcomm,4K,7.6,Galaxy Z Fold3 5G
10999,redmi,black,128,android,qualcomm,HD,6.7,10
24037,oneplus,black,256,android,unknown,4K,6.6,9RT 5G
29537,vivo,blue,256,android,mediatek,Full HD,6.6,V25 Pro 5G
21999,tecno,black,128,ios,unknown,4K,6.8,Camon 19 Pro 5G
20990,vivo,blue,128,android,qualcomm,Full HD,6.5,Z1Pro
22537,oneplus,black,128,android,unknown,2K,6.7,9 Pro 5G
8999,samsung,black,16,android,samsung,HD,5.5,Galaxy J7
29998,oneplus,red,128,android,unknown,4K,6.3,6
13999,samsung,black,64,android,samsung,Full HD,6.6,Galaxy A14
23990,vivo,blue,64,android,qualcomm,Full HD,6.3,V9
8299,infinix,purple,64,android,mediatek,HD,6.8,Smart 6 Plus
29999,infinix,silver,256,android,mediatek,Full HD,6.8,Zero Ultra
20990,oppo,black,128,android,mediatek,Full HD,6.4,F15
32999,oppo,silver,256,android,mediatek,Full HD,6.7,Reno10 5G
7309,redmi,blue,64,android,unknown,Full HD,6.5,A2
17999,oneplus,blue,128,android,unknown,Full HD,6.4,Nord CE 2 5G
19999,samsung,green,128,android,qualcomm,Full HD,6.6,Galaxy A14 5G
16290,vivo,blue,128,android,qualcomm,Full HD,6.6,Y31
10749,motorola,blue,64,android,mediatek,HD,6.5,E7 Power
9999,realme,gold,64,android,unisoc,HD,6.5,C33
17499,mi,black,64,android,qualcomm,Full HD,6.0,A2
9463,samsung,green,128,android,qualcomm,Full HD,6.1,Galaxy S23 5G
17499,mi,black,128,android,qualcomm,Full HD,6.5,11 Lite
9463,samsung,black,128,android,qualcomm,Full HD,6.1,Galaxy S23 5G
25999,realme,blue,128,android,qualcomm,Full HD,6.5,X2 Pro
6999,infinix,black,64,android,mediatek,HD,6.6,Smart 6
12999,realme,blue,128,android,mediatek,Full HD,6.6,Narzo 50
8999,samsung,red,32,android,qualcomm,4K,6.4,Galaxy M01
29489,oppo,black,256,android,mediatek,Full HD,6.5,Reno2 Z
7999,infinix,gold,32,android,mediatek,HD,5.5,Smart 2
27499,samsung,white,128,android,qualcomm,Full HD,6.4,Galaxy A33
28990,oneplus,silver,128,android,qualcomm,Full HD,6.5,7T
32537,oppo,blue,256,android,mediatek,Full HD,6.7,Reno10 5G
20464,samsung,blue,256,android,samsung,Full HD,6.7,Galaxy Note 20
21990,oppo,purple,64,android,mediatek,Full HD,6.3,F9
31999,realme,black,128,android,qualcomm,Full HD,6.6,GT NEO 2
24537,samsung,purple,128,android,unknown,Full HD,6.5,A52s
27537,vivo,blue,128,android,mediatek,Full HD,6.8,V27 Pro 5G
31999,redmi,white,256,android,qualcomm,Full HD,6.4,K20 Pro
22300,samsung,blue,64,android,samsung,Full HD,6.0,Galaxy A7
8999,infinix,blue,64,android,unisoc,HD,6.8,HOT 12 Play
13999,samsung,blue,64,android,samsung,Full HD,6.4,Galaxy M30s
6999,motorola,gold,16,android,mediatek,HD,5.0,C Plus
12999,redmi,black,32,android,qualcomm,Full HD,6.3,Note 7
8990,oppo,silver,32,android,mediatek,HD,6.2,A11K
22990,oppo,black,64,android,mediatek,Full HD,6.2,F7
11499,samsung,blue,32,android,mediatek,HD,6.5,Galaxy A03s
11999,redmi,black,128,android,unknown,HD,6.5,10A
30537,motorola,gold,128,android,qualcomm,Full HD,6.5,Edge 30 Fusion
19979,vivo,gold,128,android,mediatek,Full HD,6.6,Y56
10999,infinix,blue,64,android,mediatek,HD,6.6,S5
16999,samsung,white,128,android,unknown,HD,6.5,Galaxy M12
31609,samsung,black,512,android,qualcomm,4K,7.6,Galaxy Z Fold4 5G
9990,oppo,gold,64,android,mediatek,HD,6.6,A17K
10999,infinix,green,64,android,mediatek,HD,6.8,Hot 10S
25537,samsung,white,128,android,qualcomm,Full HD,6.7,Galaxy A73 5G
12999,samsung,black,64,android,mediatek,HD,6.4,Galaxy M21
23737,oneplus,grey,128,android,unknown,2K,6.7,7 Pro
27699,samsung,black,128,android,samsung,Full HD,6.4,Galaxy A33
29990,oppo,blue,256,android,mediatek,Full HD,6.4,Reno7 5G
21639,oneplus,blue,256,android,unknown,Full HD,6.5,9R 5G
11498,realme,blue,64,android,mediatek,HD,6.5,Narzo 50A
6499,infinix,black,32,android,mediatek,HD,6.1,Smart HD 2021
22990,oppo,black,64,android,qualcomm,Full HD,6.0,F3 Plus
17999,oppo,blue,128,android,qualcomm,Full HD,6.6,A96
16546,oneplus,green,256,android,unknown,Full HD,6.7,10T 5G
21499,motorola,grey,128,android,qualcomm,Full HD,6.6,g82 5G
89999,oppo,purple,256,android,mediatek,Full HD,6.8,Find N2 Flip
20990,oppo,blue,128,android,mediatek,Full HD,6.4,F15
30633,oneplus,black,128,android,unknown,Full HD,6.7,10R
6999,redmi,blue,32,android,mediatek,HD,5.5,6A
10999,realme,black,64,android,unisoc,HD,6.7,C53
11999,infinix,green,128,android,mediatek,Full HD,6.8,Hot 11S
8999,redmi,white,32,android,qualcomm,HD,6.2,8A Dual
13999,oppo,green,64,android,mediatek,HD,6.6,A57
19949,vivo,white,128,android,qualcomm,Full HD,6.5,Y50
17990,oppo,black,128,android,mediatek,HD,6.5,A53s 5G
14640,samsung,blue,128,android,unknown,4K,6.4,Galaxy M32 Prime Edition
22990,oppo,black,128,android,mediatek,Full HD,6.4,F15
9999,infinix,green,64,android,mediatek,HD,6.8,Hot 10S
20999,samsung,black,128,android,samsung,Full HD,6.5,Galaxy A51
13490,oppo,black,16,android,mediatek,HD,5.2,A71
6499,tecno,blue,64,android,unknown,HD,6.6,Pop 7 pro
12999,realme,blue,128,android,mediatek,HD,6.5,Narzo 50A
24999,realme,blue,128,android,mediatek,Full HD,6.7,10 Pro+ 5G
8288,tecno,blue,32,android,mediatek,HD,6.5,Spark Go 2021
12999,redmi,red,32,android,qualcomm,Full HD,6.3,Note 7
11499,infinix,black,64,android,mediatek,4K,6.6,HOT 20 5G
26537,samsung,black,128,android,qualcomm,Full HD,6.5,Galaxy A52s 5G
7999,realme,black,32,android,mediatek,HD,6.1,C2
9499,vivo,green,32,android,mediatek,HD,6.5,Y15c
18990,vivo,black,128,android,mediatek,HD,6.5,Y30
13980,redmi,black,64,android,mediatek,Full HD,6.4,Note 11 SE
9299,redmi,black,64,android,mediatek,Full HD,6.6,11 Prime
23927,samsung,green,256,android,qualcomm,4K,7.6,Galaxy Z Fold4 5G
17999,redmi,blue,128,android,qualcomm,Full HD,6.3,Note 7 Pro
19499,samsung,blue,128,android,unknown,HD,6.5,Galaxy M32 5G
12185,samsung,black,64,android,samsung,4K,6.4,Galaxy M32 Prime Edition
11998,realme,blue,128,android,unisoc,HD,6.5,C25Y
9999,motorola,grey,64,android,mediatek,HD,6.5,e32s
20500,mi,red,128,android,qualcomm,Full HD,6.0,A2
30999,vivo,black,128,android,mediatek,Full HD,6.4,V23 5G
15999,infinix,blue,256,android,mediatek,Full HD,6.8,Note 30 5G
14699,redmi,black,64,android,unknown,Full HD,6.4,Note 11S
9999,redmi,black,64,android,qualcomm,HD,6.7,10
20990,oppo,gold,64,android,mediatek,Full HD,5.5,F3 Deepika Padukone Limited Edition
7999,infinix,gold,64,android,mediatek,HD,6.6,HOT 30i
12900,samsung,blue,32,android,qualcomm,HD,6.5,Galaxy A20s
9490,samsung,blue,32,android,qualcomm,2K,6.3,Galaxy A10s
15990,oppo,gold,64,android,mediatek,HD,6.2,A5s
20999,xiaomi,blue,128,android,unknown,4K,6.5,11Lite NE
32546,vivo,blue,128,android,qualcomm,Full HD,6.4,V15 Pro
27499,samsung,blue,128,android,samsung,Full HD,6.4,Galaxy A33
29537,realme,black,256,android,qualcomm,Full HD,6.6,GT NEO 2
15990,redmi,gold,64,android,qualcomm,Full HD,6.7,Note 9 Pro
13402,samsung,black,128,android,unknown,Full HD,6.4,Galaxy M32
7299,tecno,blue,64,android,unknown,HD,6.6,Pop 7 Pro
11999,redmi,gold,64,android,qualcomm,Full HD,6.0,Note 5
17999,redmi,white,128,android,qualcomm,Full HD,6.7,Note 9 Pro
22999,vivo,black,128,android,mediatek,Full HD,6.6,Y75 5G
12990,vivo,blue,64,android,qualcomm,HD,6.5,Y20A
10999,infinix,green,64,android,mediatek,Full HD,7.0,Note 10
11990,oppo,blue,64,android,qualcomm,HD,6.5,A53
13990,oppo,blue,64,android,qualcomm,Full HD,6.4,K1
21990,oppo,green,128,android,qualcomm,HD,6.5,A9 2020
10900,oppo,black,64,android,qualcomm,HD,6.5,A53
9689,tecno,black,128,android,unisoc,HD,6.6,Spark 10c
28858,xiaomi,black,128,android,unknown,4K,6.7,11T Pro 5G Hyperphone
11999,vivo,gold,64,android,mediatek,HD,6.5,Y16
26999,realme,blue,128,android,mediatek,Full HD,6.4,9 Pro+ 5G
14999,redmi,blue,128,android,qualcomm,Full HD,6.7,Note 9 Pro
9999,infinix,black,64,android,mediatek,HD,6.6,S5 Lite
8888,redmi,green,64,android,unknown,HD,6.7,12C
20999,oneplus,black,256,android,unknown,4K,6.3,6
14499,samsung,white,64,android,samsung,Full HD,6.6,Galaxy A13
15499,realme,blue,64,android,mediatek,Full HD,6.5,Narzo 30 5G
13490,oppo,black,32,android,mediatek,HD,5.7,A83
10499,samsung,blue,128,android,samsung,Full HD,6.6,Galaxy F13
14990,samsung,green,128,android,unknown,HD,6.5,GALAXY M13 5G
9999,tecno,black,64,android,mediatek,HD,6.6,Spark 9
8999,redmi,black,32,android,qualcomm,HD,6.2,8A
11899,vivo,blue,64,android,qualcomm,HD,6.5,Y12G
27537,realme,silver,128,android,qualcomm,Full HD,6.4,GT 5G
6990,redmi,blue,32,android,unknown,HD,6.3,7
10999,realme,grey,64,android,unisoc,HD,6.5,C25_Y
31999,oneplus,green,128,android,qualcomm,Full HD,6.5,8
11999,tecno,grey,64,android,mediatek,HD,7.0,Spark Power 2
11249,motorola,grey,64,android,qualcomm,Full HD,6.6,g52
24999,xiaomi,green,128,android,mediatek,Full HD,6.7,11i 5G
26999,xiaomi,green,128,android,mediatek,Full HD,6.7,11i 5G
10999,samsung,blue,32,android,samsung,Full HD,6.4,Galaxy M11
20990,redmi,blue,128,android,unknown,Full HD,6.6,Note 11T 5G
17999,realme,black,128,android,qualcomm,Full HD,6.4,9
9990,vivo,black,16,android,qualcomm,HD,5.0,Y53
10999,redmi,green,128,android,mediatek,Full HD,6.6,11 Prime
12980,redmi,red,128,android,qualcomm,Full HD,6.5,9 Power
8049,realme,green,32,android,unisoc,HD,6.5,C31
14999,mi,blue,64,android,qualcomm,HD,6.1,A3
16990,oppo,purple,128,android,mediatek,4K,6.5,A9
28546,oneplus,blue,256,android,unknown,2K,6.7,7 Pro
10999,realme,blue,64,android,unisoc,HD,6.5,C25_Y
24537,samsung,purple,256,android,qualcomm,Full HD,6.4,Galaxy A54 5G
9980,redmi,purple,64,android,unknown,HD,6.5,9 Activ
9499,tecno,white,32,android,unknown,HD,7.0,Spark Air 6
16990,oppo,red,64,android,mediatek,HD,5.7,A83
13999,samsung,green,128,android,samsung,4K,6.6,Galaxy M13
32537,oneplus,silver,256,android,unknown,Full HD,6.5,8T 5G
15499,motorola,grey,128,android,qualcomm,Full HD,6.5,G62 5G
14999,mi,silver,32,android,qualcomm,Full HD,6.4,Max
12499,tecno,purple,64,android,mediatek,HD,6.5,Camon 15
26999,vivo,blue,128,android,qualcomm,Full HD,6.6,X50
18999,samsung,blue,128,android,unknown,HD,6.5,Galaxy M32 5G
11999,motorola,grey,64,android,mediatek,Full HD,6.4,g31
8990,redmi,grey,64,android,unknown,HD,6.5,10A
31000,samsung,white,128,android,qualcomm,4K,6.7,Galaxy A70s
15990,oppo,blue,128,android,mediatek,HD,6.5,A53s 5G
24999,redmi,blue,128,android,mediatek,Full HD,6.7,Note 12 Pro 5G
7590,tecno,blue,64,android,unknown,HD,6.6,Spark Go 2023
8999,infinix,gold,64,android,unisoc,HD,6.8,HOT 12 Play
16970,oppo,white,128,android,qualcomm,Full HD,6.5,A52
21999,mi,blue,128,android,qualcomm,Full HD,6.5,11 Lite
13499,realme,blue,128,android,qualcomm,Full HD,6.6,9i
10499,realme,black,64,android,mediatek,HD,6.5,C21
12999,redmi,blue,64,android,qualcomm,Full HD,6.3,Note 8
16999,redmi,green,128,android,mediatek,Full HD,6.6,Note 10T 5G
19990,redmi,black,128,android,unknown,Full HD,6.6,Note 11T 5G
18600,samsung,blue,64,android,samsung,HD,1.8,Galaxy A50
10537,vivo,black,128,android,mediatek,Full HD,6.8,X80
23900,vivo,gold,128,android,mediatek,Full HD,6.4,V23e 5G
6999,tecno,blue,32,android,mediatek,HD,6.5,Spark Go 2020
21499,motorola,white,128,android,qualcomm,Full HD,6.6,g82 5G
22990,oppo,black,64,android,mediatek,Full HD,6.2,Hardik Pandya Limited Editon
6877,tecno,purple,32,android,mediatek,HD,6.6,Spark Go 2023
9849,vivo,blue,32,android,unknown,HD,6.5,y15s
10538,oneplus,black,256,android,unknown,2K,6.7,10 Pro 5G
25999,samsung,grey,128,android,samsung,Full HD,6.7,Galaxy F62
15990,oppo,white,64,android,qualcomm,HD,6.5,A53
6938,redmi,blue,32,android,mediatek,HD,6.5,A2
11999,infinix,silver,128,android,mediatek,Full HD,6.8,Hot 11S
6999,redmi,gold,16,android,qualcomm,HD,5.0,3S
8714,redmi,purple,64,android,unknown,HD,6.7,12C
20990,redmi,white,128,android,unknown,Full HD,6.6,Note 11T 5G
14999,vivo,black,128,android,mediatek,Full HD,6.6,Y27
10449,tecno,blue,64,android,mediatek,HD,6.8,POVA
6999,redmi,black,32,android,mediatek,HD,5.5,6A
16999,vivo,gold,128,android,qualcomm,Full HD,6.6,Y35
14999,mi,gold,32,android,qualcomm,Full HD,6.4,Max
14499,samsung,black,64,android,mediatek,HD,6.5,Galaxy A03s
39999,oppo,purple,256,android,qualcomm,Full HD,6.7,Reno10 Pro 5G
32537,oppo,blue,256,android,mediatek,Full HD,6.7,Reno10 5G
11200,samsung,black,16,android,samsung,Full HD,5.5,Galaxy On Nxt
25999,oneplus,blue,128,android,unknown,4K,6.4,Nord 2 5G
8538,oneplus,black,128,android,unknown,2K,6.7,11 5G
13945,redmi,white,64,android,unknown,Full HD,6.4,Note 11
12490,vivo,blue,64,android,unknown,HD,6.5,Y21E
8299,infinix,blue,64,android,mediatek,HD,6.8,Smart 6 Plus
18999,samsung,blue,64,android,samsung,Full HD,6.4,Galaxy M31
13999,samsung,silver,64,android,samsung,Full HD,6.6,Galaxy A14
10999,infinix,black,64,android,mediatek,Full HD,7.0,Note 10
24537,samsung,white,128,android,qualcomm,Full HD,6.5,Galaxy A52s 5G
9939,tecno,blue,128,android,unisoc,HD,6.6,Spark 10c
20880,realme,blue,128,android,mediatek,4K,6.4,Narzo 50 Pro 5G
9999,vivo,black,32,android,mediatek,HD,6.2,Y1s
26537,realme,black,256,android,mediatek,Full HD,6.7,GT Neo 3
9779,oppo,blue,64,android,mediatek,HD,6.6,A17K
10999,realme,blue,32,android,mediatek,HD,6.5,C12
16999,redmi,green,128,android,qualcomm,Full HD,6.7,Note 12 5G
13990,redmi,black,128,android,unknown,Full HD,6.7,Note 10 Lite
21999,samsung,silver,128,android,qualcomm,Full HD,6.6,Galaxy A23 5G
32537,redmi,blue,256,android,mediatek,Full HD,6.7,Note 12 Pro+ 5G
13999,tecno,black,128,android,unknown,HD,6.6,Spark 10 5G
26990,vivo,black,64,android,mediatek,Full HD,6.5,V15
17488,redmi,purple,128,android,mediatek,Full HD,6.4,Note 10S
16990,vivo,black,64,android,qualcomm,HD,6.5,Y20
31537,realme,white,256,android,qualcomm,Full HD,6.5,X2 Pro
10490,redmi,purple,128,android,unknown,HD,6.7,12C
13499,redmi,green,64,android,qualcomm,Full HD,6.5,9 Power
15999,redmi,blue,64,android,qualcomm,Full HD,6.3,Note 7 Pro
13999,oppo,black,64,android,mediatek,HD,6.6,A57
10499,vivo,gold,64,android,mediatek,HD,6.5,Y16
24499,oneplus,blue,128,android,unknown,Full HD,6.4,Nord CE 2 5G
11648,tecno,black,128,android,mediatek,HD,6.6,Spark 10
16999,motorola,white,128,android,mediatek,Full HD,6.5,g73 5G
10899,motorola,green,64,android,qualcomm,Full HD,6.5,g42
8999,infinix,green,64,android,unisoc,HD,6.8,HOT 12 Play
16999,infinix,white,256,android,mediatek,Full HD,6.8,Zero 5G 2023 TURBO
14999,redmi,white,64,android,unknown,Full HD,6.7,NOTE 10 LITE
23999,vivo,blue,128,android,qualcomm,Full HD,6.4,T1 Pro 5G
16999,redmi,black,64,android,qualcomm,Full HD,6.0,Note 5 Pro
11199,samsung,blue,64,android,unknown,HD,6.6,GALAXY M13
24999,redmi,red,128,android,qualcomm,Full HD,6.4,K20
13999,oppo,green,128,android,mediatek,HD,6.5,A55
26899,mi,silver,128,android,qualcomm,Full HD,6.7,10T Pro
29730,vivo,blue,128,android,mediatek,Full HD,6.6,V25 pro
14999,vivo,green,128,android,mediatek,Full HD,6.6,Y27
31999,redmi,black,256,android,qualcomm,Full HD,6.4,K20 Pro
7316,redmi,black,64,android,unknown,Full HD,6.5,A2
29546,tecno,silver,256,android,unknown,4K,6.8,Phantom X2 5G
34999,oppo,blue,256,android,mediatek,Full HD,6.5,Reno7 Pro 5G
16999,samsung,blue,128,android,mediatek,Full HD,6.4,Galaxy A31
29992,oneplus,green,256,android,unknown,Full HD,6.4,Nord 2 5G
14599,mi,red,64,android,qualcomm,Full HD,5.5,A1
24999,motorola,grey,128,android,qualcomm,Full HD,6.5,edge 30
23999,realme,black,128,android,mediatek,Full HD,6.7,11 Pro 5G
27537,mi,black,128,android,qualcomm,Full HD,6.0,Mix 2
35990,oppo,black,256,android,mediatek,Full HD,6.4,Reno3 Pro
8499,vivo,grey,32,android,mediatek,HD,6.5,Y02
14999,redmi,black,128,android,qualcomm,Full HD,6.7,Note 9 Pro
11490,vivo,white,64,android,qualcomm,HD,6.5,Y20i
9999,redmi,grey,32,android,unknown,HD,6.5,10A
27490,vivo,blue,256,android,mediatek,Full HD,6.4,V21 5G
8290,tecno,green,32,android,unknown,HD,6.5,spark 7
15999,vivo,black,128,android,mediatek,Full HD,6.6,T2x 5G
14999,samsung,black,128,android,samsung,Full HD,6.6,Galaxy A13
9990,oppo,red,16,android,qualcomm,HD,6.2,A3s
32537,oppo,blue,256,android,mediatek,Full HD,6.7,Reno10 5G
10190,samsung,black,64,android,qualcomm,HD,6.5,M02s
32557,vivo,black,256,android,mediatek,Full HD,6.4,V23 5G
10500,redmi,black,128,android,mediatek,HD,6.7,12c
27537,oneplus,grey,256,android,unknown,4K,6.7,Nord 3 5G
22490,mi,silver,128,android,qualcomm,Full HD,6.7,11X
12999,samsung,black,64,android,samsung,Full HD,6.4,Galaxy M21
12499,tecno,gold,64,android,mediatek,HD,6.5,Camon 15
8149,redmi,blue,64,android,unknown,HD,6.5,A2+
32537,oneplus,blue,256,android,qualcomm,2K,6.7,7T Pro
15248,redmi,black,128,android,unknown,Full HD,6.6,11 Prime 5G
7499,infinix,green,32,android,mediatek,HD,6.1,Smart HD 2021
54999,oppo,purple,256,android,qualcomm,Full HD,6.7,Reno10 Pro+ 5G
12999,realme,blue,128,android,qualcomm,HD,6.5,5
19990,vivo,black,32,android,qualcomm,Full HD,6.3,V9 Youth
20537,samsung,black,128,android,samsung,Full HD,6.7,Galaxy Z Flip3 5G
8799,tecno,blue,64,android,unknown,HD,6.6,Spark Go 2023
13999,motorola,white,128,android,qualcomm,Full HD,6.6,g52
16999,vivo,gold,128,android,mediatek,HD,6.5,Y16
10000,samsung,black,32,android,mediatek,HD,6.2,Galaxy A10s
9999,infinix,green,64,android,unisoc,HD,6.6,Hot 12 Pro
9400,samsung,black,32,android,unisoc,HD,6.5,Galaxy A03
16999,samsung,black,128,android,samsung,HD,6.5,Galaxy A21s
11537,samsung,red,128,android,samsung,Full HD,6.5,Galaxy S20 FE
16199,samsung,purple,64,android,samsung,Full HD,6.4,Galaxy A30s
6999,motorola,black,16,android,mediatek,HD,5.0,C Plus
21070,samsung,black,128,android,samsung,Full HD,6.4,Galaxy A50s
12980,redmi,black,64,android,unknown,Full HD,6.4,Note 11
17999,redmi,white,128,android,qualcomm,Full HD,6.7,Note 9 Pro
10990,vivo,black,32,android,qualcomm,HD,6.2,Y91
12331,redmi,black,128,android,unknown,Full HD,6.5,10 Prime
14999,redmi,white,64,android,qualcomm,Full HD,6.4,Note 10
12887,realme,black,64,android,unknown,4K,6.7,Narzo N55
30499,samsung,purple,128,android,qualcomm,Full HD,6.5,Galaxy A52
32537,samsung,black,128,android,unknown,4K,6.7,Galaxy M52 5G
12246,oneplus,green,256,android,unknown,2K,6.7,9 Pro 5G
16990,redmi,black,128,android,qualcomm,Full HD,6.7,Note 9 Pro
14248,samsung,blue,64,android,samsung,Full HD,6.4,Galaxy M21
12999,redmi,silver,64,android,unknown,Full HD,6.6,11 Prime 5G
12749,redmi,gold,64,android,qualcomm,Full HD,5.5,Note 4
24999,realme,green,128,android,mediatek,Full HD,6.4,9 Pro+ 5G
8805,redmi,black,64,android,unknown,HD,6.7,12C
10700,tecno,blue,64,android,mediatek,4K,6.9,Pova 3
20537,xiaomi,blue,256,android,qualcomm,Full HD,6.7,12 Pro 5G
16990,vivo,black,64,android,mediatek,HD,6.5,Y20G
18998,oneplus,white,16,android,qualcomm,Full HD,5.5,One
16999,infinix,black,128,android,mediatek,Full HD,6.7,Note 11
10546,vivo,blue,256,android,qualcomm,Full HD,6.6,X60 Pro
15490,oppo,silver,128,android,qualcomm,Full HD,6.4,F19
26499,vivo,black,256,android,mediatek,Full HD,6.4,Y100 A 5G
13499,vivo,blue,64,android,mediatek,HD,6.5,Y21A
20500,mi,black,128,android,qualcomm,Full HD,6.0,A2
32537,oppo,blue,256,android,mediatek,Full HD,6.7,Reno10 5G
6599,redmi,black,32,android,mediatek,HD,6.5,A1+
16999,infinix,blue,256,android,mediatek,Full HD,6.7,Note 12 Pro
18999,realme,blue,128,android,qualcomm,Full HD,6.6,6 Pro
16999,infinix,blue,64,android,mediatek,4K,5.9,Note 5 Stylus
20999,realme,white,128,android,qualcomm,Full HD,6.5,X
9450,vivo,blue,32,android,mediatek,HD,6.2,Y1s
32537,oppo,blue,256,android,mediatek,Full HD,6.7,Reno10 5G
31999,samsung,blue,128,android,samsung,Full HD,6.5,Galaxy A53
30500,samsung,white,128,android,qualcomm,4K,6.7,Galaxy A70s
19999,redmi,black,128,android,mediatek,Full HD,6.5,Note 8 Pro
18990,oppo,black,256,android,mediatek,Full HD,6.4,F19 Pro
29990,oppo,black,128,android,mediatek,Full HD,6.5,F11 Pro
8990,realme,black,16,android,qualcomm,HD,6.2,C1
13999,oppo,black,128,android,qualcomm,Full HD,6.5,A52
30537,samsung,green,128,android,unknown,Full HD,6.7,Galaxy M53 5G
15999,samsung,blue,64,android,samsung,Full HD,6.4,Galaxy F41
25537,vivo,black,256,android,mediatek,Full HD,6.8,V27 Pro 5G
12990,samsung,green,128,android,samsung,HD,6.5,Galaxy F12
23999,mi,silver,128,android,qualcomm,Full HD,6.7,10T
18142,oppo,black,128,android,unknown,HD,6.6,A78 5G
12749,redmi,blue,64,android,qualcomm,Full HD,5.5,Note 4
12995,redmi,black,64,android,unknown,Full HD,6.4,Note 11
16290,redmi,blue,128,android,unknown,HD,6.4,Note 11S
21430,xiaomi,black,128,android,qualcomm,4K,6.5,11Lite NE
7499,infinix,blue,32,android,mediatek,HD,6.8,Smart 5
21599,redmi,blue,128,android,unknown,Full HD,6.7,Note 11 PRO Plus 5G
24989,oneplus,grey,128,android,unknown,Full HD,6.4,Nord CE 2 5G
13600,redmi,grey,64,android,qualcomm,HD,6.0,Y2
12200,oppo,blue,64,android,mediatek,HD,6.6,A17
29999,oneplus,grey,128,android,unknown,4K,6.4,Nord 2 5G
26999,redmi,blue,256,android,mediatek,Full HD,6.7,Note 12 Pro 5G
11000,samsung,blue,32,android,mediatek,HD,6.2,Galaxy A10s
12989,vivo,black,32,android,mediatek,HD,6.5,Y16
16999,redmi,blue,64,android,qualcomm,Full HD,6.0,Note 5 Pro
11599,samsung,blue,64,android,mediatek,HD,6.6,GALAXY M13
10999,infinix,black,32,android,mediatek,4K,6.0,Note 5
11535,realme,green,128,android,mediatek,HD,6.5,Narzo 50A
9990,vivo,blue,32,android,qualcomm,HD,6.3,Y11
17999,redmi,green,128,android,qualcomm,Full HD,6.4,Note 10
13499,vivo,blue,128,android,mediatek,HD,6.5,Y21
23499,oneplus,blue,128,android,unknown,Full HD,6.4,Nord CE 2 5G
12999,realme,blue,64,android,mediatek,HD,6.5,C15
16999,vivo,black,128,android,mediatek,HD,6.5,Y16
10990,samsung,blue,64,android,qualcomm,HD,6.5,Galaxy F02s
18049,oppo,green,256,android,mediatek,Full HD,6.5,Reno2 F
24990,vivo,black,128,android,qualcomm,Full HD,6.4,V20 SE
16990,vivo,white,128,android,qualcomm,Full HD,6.6,T1 5G
10999,redmi,green,128,android,qualcomm,HD,6.7,10
8195,redmi,blue,32,android,unknown,HD,6.5,10A
13699,tecno,blue,128,android,mediatek,4K,6.9,Pova 3
12999,tecno,blue,128,android,unknown,4K,6.8,POVA 4
16990,vivo,blue,64,android,qualcomm,HD,6.5,Y20
17600,samsung,black,64,android,samsung,4K,6.4,Galaxy On6
11990,redmi,blue,64,android,unknown,Full HD,6.5,10 Prime
8249,vivo,black,32,android,mediatek,HD,6.2,Y91i
15499,samsung,green,128,android,qualcomm,Full HD,6.6,Galaxy F23 5G
7299,infinix,green,64,android,unisoc,HD,6.6,SMART 7
9990,vivo,black,32,android,qualcomm,HD,6.5,Y12s
19546,vivo,black,128,android,unknown,Full HD,6.8,X80 5G
7299,motorola,black,64,android,unisoc,HD,6.5,e13
6499,motorola,black,64,android,unisoc,HD,6.5,e13
9990,realme,red,32,android,qualcomm,HD,6.2,2
24999,vivo,blue,128,android,mediatek,Full HD,6.4,V23e 5G
10499,realme,blue,128,android,unisoc,HD,6.5,C33 2023
24000,samsung,black,64,android,samsung,4K,6.4,Galaxy A50
29990,oneplus,silver,128,android,unknown,Full HD,6.5,8T 5G
9790,oppo,silver,32,android,unknown,HD,6.5,A15
30537,samsung,black,128,android,qualcomm,Full HD,6.7,Galaxy A71
12900,samsung,black,32,android,qualcomm,HD,6.5,Galaxy A20s
11989,realme,grey,128,android,unisoc,HD,6.5,C25Y
21399,samsung,silver,128,android,unknown,Full HD,6.5,Galaxy M34 5G without charger
19999,motorola,grey,128,android,qualcomm,Full HD,6.6,g82 5G
8999,tecno,purple,64,android,mediatek,4K,6.6,Spark 8P
13999,redmi,red,128,android,qualcomm,Full HD,6.3,Note 7 Pro
14137,samsung,silver,128,android,mediatek,Full HD,6.7,Galaxy S21 Plus
22990,mi,black,128,android,qualcomm,Full HD,6.7,10T
18799,samsung,black,128,android,samsung,Full HD,6.4,Galaxy M31
6999,redmi,grey,16,android,qualcomm,HD,4.7,2 Prime
11999,realme,blue,64,android,qualcomm,HD,6.5,5s
11400,samsung,black,64,android,samsung,4K,6.4,Galaxy M32 Prime Edition
18142,oppo,blue,128,android,unknown,HD,6.6,A78 5G
30900,samsung,black,128,android,qualcomm,4K,6.7,Galaxy A70
22890,xiaomi,black,128,android,qualcomm,4K,6.5,11Lite NE
19463,vivo,black,256,android,mediatek,Full HD,6.8,X90 Pro
9999,motorola,green,64,android,qualcomm,Full HD,6.5,g42
9999,motorola,gold,32,android,mediatek,HD,5.5,E4 Plus
27537,vivo,black,128,android,mediatek,Full HD,6.8,V27 Pro 5G
8449,tecno,purple,64,android,mediatek,Full HD,6.6,Spark 9T
18990,oppo,blue,64,android,mediatek,HD,6.5,A55
12536,samsung,green,128,android,unknown,Full HD,6.1,Galaxy S22 5G
10999,infinix,purple,64,android,mediatek,HD,6.8,Hot 10S
31990,oppo,black,256,android,mediatek,Full HD,6.4,Reno7 5G
14990,redmi,gold,128,android,qualcomm,Full HD,6.7,Note 9 Pro
11999,redmi,grey,64,android,qualcomm,HD,5.5,Y1
8598,tecno,blue,64,android,mediatek,HD,6.6,Spark 8
15990,oppo,green,64,android,mediatek,HD,6.2,A5s
8450,tecno,blue,64,android,mediatek,4K,6.6,Spark 8P
9999,vivo,gold,64,android,mediatek,HD,6.5,Y02t
8499,realme,black,32,android,mediatek,HD,6.2,3
9490,vivo,white,32,android,mediatek,HD,6.5,Y3s
8999,infinix,black,64,android,unisoc,HD,6.8,HOT 12 Play
13245,oppo,green,64,android,unknown,HD,6.6,A57
23990,oppo,green,128,android,mediatek,4K,6.5,F11
14999,infinix,blue,128,android,mediatek,Full HD,6.7,Note 12 TURBO
6499,realme,green,32,android,unisoc,HD,6.5,C30
6490,samsung,blue,32,android,mediatek,HD,5.3,M01 core
10537,mi,green,128,android,qualcomm,Full HD,6.7,10
23990,vivo,black,64,android,qualcomm,Full HD,6.3,V9
14490,redmi,white,64,android,unknown,Full HD,6.5,10 Prime
12499,samsung,black,64,android,samsung,HD,6.5,Galaxy A04s
27250,vivo,blue,256,android,mediatek,Full HD,6.4,Y100 A 5G
13990,vivo,blue,64,android,qualcomm,HD,6.3,U10
25546,vivo,black,256,android,mediatek,Full HD,6.6,V23 Pro 5G
12990,samsung,green,64,android,unknown,Full HD,6.4,Galaxy M30s
29990,oppo,grey,128,android,mediatek,Full HD,6.5,F11 Pro
30537,oneplus,blue,128,android,qualcomm,Full HD,6.5,7T
14120,redmi,silver,64,android,unknown,Full HD,6.6,11 Prime 5G
18999,realme,blue,128,android,qualcomm,Full HD,6.7,10 Pro 5G
25546,mi,green,256,android,qualcomm,Full HD,6.7,10
16490,samsung,silver,128,android,unknown,4K,6.6,Galaxy M14 5G
11999,redmi,blue,32,android,qualcomm,Full HD,6.3,Note 7S
8299,redmi,blue,32,android,qualcomm,HD,6.2,8A Dual
23537,vivo,grey,256,android,qualcomm,Full HD,6.6,X50 Pro
20999,realme,black,256,android,unknown,Full HD,6.4,Narzo 60 5g
24463,samsung,gold,128,android,qualcomm,Full HD,6.7,Galaxy Z Flip4 5G
11490,redmi,blue,64,android,mediatek,Full HD,6.5,9 Prime
15546,samsung,red,64,android,samsung,2K,5.8,Galaxy S8
31899,oneplus,black,128,android,unknown,Full HD,6.5,6T
29463,samsung,gold,256,android,qualcomm,Full HD,6.7,Galaxy Z Flip4 5G
7199,realme,green,32,android,unisoc,HD,6.5,narzo 50i Prime
27546,vivo,black,128,android,qualcomm,Full HD,6.6,X60
13990,samsung,green,128,android,samsung,Full HD,6.6,Galaxy F14 5G
27990,samsung,black,128,android,samsung,Full HD,6.4,Galaxy A33
11990,oppo,blue,64,android,qualcomm,HD,6.5,A53
21999,oneplus,blue,128,android,unknown,4K,6.4,Nord CE 5G
11990,oppo,black,64,android,mediatek,HD,6.5,A16k
7499,infinix,gold,16,android,mediatek,HD,5.5,Hot 4 Pro
12730,samsung,green,64,android,unknown,HD,6.5,GALAXY M13 5G
16990,oppo,gold,64,android,qualcomm,HD,6.2,A7
23990,redmi,black,128,android,unknown,Full HD,6.7,Note 11 PRO Plus 5G
25037,vivo,blue,256,android,mediatek,Full HD,6.8,V27 Pro 5G
20464,samsung,green,256,android,samsung,Full HD,6.7,Galaxy Note 20
29999,oneplus,grey,128,android,unknown,Full HD,6.4,Nord 2 5G
20880,oppo,black,128,android,qualcomm,Full HD,6.4,F21s Pro
9999,infinix,silver,64,android,mediatek,Full HD,6.6,Hot 11
11195,samsung,green,64,android,unknown,Full HD,6.6,GALAXY M13
21199,vivo,green,128,android,qualcomm,Full HD,6.4,V20 SE
24990,samsung,blue,128,android,qualcomm,Full HD,6.5,Galaxy A52
15499,motorola,blue,128,android,qualcomm,Full HD,6.5,G62 5G
18990,oppo,gold,64,android,mediatek,HD,5.5,F1S
28999,redmi,white,128,android,qualcomm,Full HD,6.4,K20 Pro
19977,realme,black,128,android,unknown,Full HD,6.4,Narzo 60 5G
25999,samsung,white,128,android,samsung,Full HD,6.4,Galaxy A33
7463,samsung,white,128,android,unknown,4K,6.6,Galaxy S22 5G
20990,oppo,white,128,android,qualcomm,Full HD,6.5,A52
30990,oppo,gold,64,android,qualcomm,Full HD,6.0,F3 Plus
24490,samsung,silver,128,android,unknown,Full HD,6.5,Galaxy M34 5G without charger
10649,redmi,grey,32,android,qualcomm,Full HD,5.5,Note 4
14999,tecno,black,256,android,mediatek,Full HD,6.8,Spark 10 Pro
18927,motorola,black,128,android,qualcomm,HD,6.2,Razr
29537,vivo,black,128,android,mediatek,Full HD,6.6,V25 Pro 5G
29537,vivo,blue,128,android,mediatek,Full HD,6.6,V25 Pro 5G
8999,redmi,blue,64,android,mediatek,HD,6.5,9i
11975,samsung,white,64,android,samsung,HD,6.5,Galaxy A12
20499,samsung,black,128,android,mediatek,HD,6.4,Galaxy A22
10990,oppo,silver,64,android,mediatek,HD,6.2,A12
12999,vivo,black,128,android,mediatek,Full HD,6.6,T2x 5G
10849,tecno,black,64,android,mediatek,4K,6.9,Pova 3
14999,redmi,black,64,android,qualcomm,Full HD,6.0,Note 5 Pro
23899,vivo,blue,128,android,unknown,Full HD,6.4,Y100A
14999,realme,white,64,android,mediatek,Full HD,6.5,6i
10499,redmi,blue,32,android,qualcomm,HD,6.0,Y2
16990,vivo,blue,64,android,mediatek,HD,6.5,Y20G
12520,tecno,grey,128,android,mediatek,HD,6.8,POVA 4
20990,vivo,white,128,android,qualcomm,4K,6.4,S1 Pro
14999,tecno,white,256,android,mediatek,Full HD,6.8,Spark 10 Pro
32999,oppo,blue,256,android,mediatek,Full HD,6.7,Reno10 5G
27499,samsung,white,128,android,qualcomm,Full HD,6.4,Galaxy A33
16999,redmi,white,64,android,mediatek,Full HD,6.5,Note 8 Pro
14999,realme,blue,64,android,mediatek,Full HD,6.6,9i 5G
13499,samsung,blue,128,android,mediatek,HD,6.4,Galaxy F22
13990,vivo,blue,64,android,mediatek,HD,6.5,Y20G 2021
15490,vivo,white,64,android,qualcomm,HD,6.5,Y20A 2021
15499,vivo,green,128,android,mediatek,HD,6.5,Y22
26037,oneplus,black,128,android,unknown,Full HD,6.7,11R 5G
29990,oneplus,blue,128,android,unknown,Full HD,6.7,10R 5G
13990,vivo,blue,64,android,mediatek,HD,6.3,Y12
6950,tecno,blue,32,android,mediatek,HD,6.5,Pop 5 Pro
14999,vivo,blue,128,android,qualcomm,Full HD,6.6,T1X
6455,redmi,green,32,android,unknown,Full HD,6.5,A2
16999,redmi,gold,64,android,qualcomm,Full HD,6.0,Note 5 Pro
31633,oneplus,grey,128,android,unknown,4K,6.7,Nord 3 5G
14599,mi,black,64,android,qualcomm,Full HD,5.5,A1
16999,vivo,black,64,android,qualcomm,HD,6.5,Y20
20537,tecno,grey,256,android,mediatek,4K,6.8,Phantom X2 Pro
18900,samsung,white,64,android,samsung,Full HD,6.4,Galaxy A30s
10999,redmi,black,128,android,mediatek,Full HD,6.6,11 Prime
6999,redmi,gold,32,android,qualcomm,HD,5.0,4A
30990,mi,black,256,android,qualcomm,Full HD,6.7,11X Pro 5G
8999,infinix,white,128,android,mediatek,HD,6.6,HOT 30i
8699,tecno,purple,64,android,unisoc,HD,6.6,Spark 8C
10499,samsung,black,64,android,samsung,HD,6.5,Galaxy F12
8999,infinix,black,128,android,mediatek,HD,6.6,HOT 30i
13499,vivo,blue,64,android,mediatek,HD,6.5,Y21
20999,redmi,blue,256,android,qualcomm,Full HD,6.7,Note 12 5G
20999,redmi,white,128,android,qualcomm,Full HD,6.7,Note 9 Pro Max
12331,redmi,white,128,android,unknown,Full HD,6.5,10 Prime
9999,realme,gold,128,android,unisoc,HD,6.7,C53
10999,infinix,purple,64,android,mediatek,Full HD,7.0,Note 10
6499,realme,black,32,android,unisoc,HD,6.5,C30
10999,redmi,blue,32,android,qualcomm,Full HD,6.0,Note 5
32537,oppo,silver,256,android,mediatek,Full HD,6.7,Reno10 5G
13990,oppo,blue,32,android,mediatek,HD,6.2,A5s
17990,oppo,white,128,android,qualcomm,Full HD,6.5,A52
23999,xiaomi,black,128,android,mediatek,Full HD,6.7,11i Hypercharge 5G
16999,redmi,white,64,android,mediatek,Full HD,6.4,Note 10S
18999,redmi,blue,128,android,qualcomm,Full HD,6.7,Note 12 5G
8999,tecno,blue,64,android,unknown,HD,6.6,Pop 7 pro
7310,redmi,blue,64,android,unknown,Full HD,6.5,A2
13990,samsung,purple,128,android,mediatek,Full HD,6.6,Galaxy F14 5G
24999,realme,black,256,android,mediatek,Full HD,6.7,11 Pro 5G
9999,infinix,purple,64,android,mediatek,HD,6.8,Hot 10S
24990,oppo,red,64,android,mediatek,Full HD,6.0,F5
22990,oppo,silver,64,android,mediatek,Full HD,6.2,F7
12499,oppo,black,64,android,mediatek,HD,6.6,A17
12990,oppo,black,64,android,unknown,HD,6.5,A15s
25989,samsung,blue,128,android,qualcomm,Full HD,6.5,Galaxy A52
8590,oppo,red,32,android,mediatek,HD,6.1,A1K
27990,oppo,black,128,android,mediatek,Full HD,6.2,F7
7499,redmi,black,64,android,unknown,Full HD,6.5,A2
10999,realme,gold,64,android,unisoc,HD,6.7,C53
13990,vivo,black,32,android,mediatek,HD,6.1,Y81
12999,realme,red,128,android,qualcomm,HD,6.5,5s
10999,realme,black,64,android,unisoc,HD,6.7,C53
15990,redmi,blue,128,android,mediatek,Full HD,6.6,Note 10T 5G
21000,samsung,blue,64,android,samsung,4K,6.4,Galaxy A50
25999,samsung,green,128,android,samsung,Full HD,6.7,Galaxy F62
21199,redmi,black,128,android,unknown,Full HD,6.6,Note 11T 5G
8590,oppo,black,32,android,unknown,HD,6.1,A1K
15999,motorola,blue,64,android,qualcomm,Full HD,6.3,G8 Plus
17499,mi,white,128,android,qualcomm,HD,6.1,A3
7799,tecno,black,64,android,unknown,HD,6.6,POP 7 Pro
30537,oneplus,blue,256,android,unknown,4K,6.4,Nord 2 5G
30546,vivo,gold,128,android,mediatek,Full HD,6.6,V23 Pro 5G
25990,vivo,black,128,android,mediatek,Full HD,6.4,V25 5G
10699,realme,black,128,android,unisoc,Full HD,6.6,C35
32999,oppo,blue,256,android,mediatek,Full HD,6.7,Reno10 5G
13430,tecno,white,128,android,mediatek,Full HD,6.8,Spark 10 Pro
19990,vivo,black,128,android,mediatek,4K,6.4,S1
16990,vivo,black,128,android,qualcomm,Full HD,6.6,T1X
9499,redmi,green,32,android,mediatek,HD,6.5,9A
28700,samsung,silver,128,android,mediatek,4K,6.6,Galaxy A34 5G
20328,redmi,white,128,android,unknown,Full HD,6.7,Note 11 Pro
11990,samsung,blue,128,android,samsung,HD,6.5,Galaxy F12
16999,redmi,blue,64,android,mediatek,Full HD,6.5,Note 8 Pro
22999,redmi,blue,64,android,qualcomm,Full HD,6.4,K20
28880,oneplus,grey,128,android,unknown,Full HD,6.7,Nord 2T 5G
25990,oneplus,grey,128,android,qualcomm,Full HD,6.4,Nord
28999,realme,green,256,android,mediatek,Full HD,6.4,9 Pro+ 5G
19990,oppo,white,256,android,mediatek,Full HD,6.5,Reno2 F
12867,samsung,blue,128,android,samsung,HD,6.5,Galaxy A12
9199,infinix,blue,64,android,mediatek,HD,6.8,Hot 10 Play
23352,tecno,black,256,android,unknown,4K,6.4,Phantom V fold 5G
22999,oneplus,grey,256,android,qualcomm,Full HD,6.4,Nord
15999,redmi,white,64,android,qualcomm,Full HD,6.3,Note 7 Pro
15990,oppo,blue,64,android,qualcomm,HD,6.2,A5
26537,realme,white,256,android,mediatek,Full HD,6.7,GT Neo 3
11999,motorola,purple,64,android,qualcomm,HD,6.8,G9 Power
9990,vivo,blue,32,android,mediatek,HD,6.5,Y02
15537,oneplus,green,128,android,unknown,2K,6.7,9 Pro
22537,realme,blue,256,android,mediatek,Full HD,6.7,GT NEO 3
14499,samsung,white,64,android,mediatek,HD,6.5,Galaxy A03s
16899,samsung,blue,128,android,unknown,4K,6.6,Galaxy M33 5G
15537,realme,green,128,android,qualcomm,2K,6.7,GT 2 Pro
8499,realme,blue,64,android,unisoc,HD,6.5,C21Y
22990,oppo,gold,64,android,qualcomm,Full HD,6.0,F3 Plus
17990,oneplus,black,128,android,unknown,Full HD,6.6,Nord CE 2 Lite 5G
20999,redmi,black,256,android,qualcomm,Full HD,6.7,Note 12 5G
13990,oppo,purple,64,android,qualcomm,HD,6.2,A3s
7499,infinix,purple,32,android,mediatek,HD,6.8,Smart 5
24999,vivo,black,128,android,qualcomm,Full HD,6.4,T1 Pro 5G
18999,infinix,black,128,android,mediatek,Full HD,6.8,Zero 8i
16990,vivo,black,64,android,qualcomm,Full HD,6.6,T1X
8990,oppo,purple,16,android,qualcomm,HD,6.2,A3s
11999,realme,grey,128,android,unisoc,HD,6.5,C25_Y
25999,vivo,gold,256,android,mediatek,Full HD,6.4,Y100 A 5G
8749,realme,green,64,android,unisoc,HD,6.5,C31
20909,samsung,grey,128,android,qualcomm,HD,6.6,Galaxy M42 5G
24537,samsung,black,128,android,unknown,Full HD,6.5,A52s
14999,infinix,gold,128,android,mediatek,Full HD,6.8,Note 30 5G
23537,xiaomi,black,256,android,qualcomm,Full HD,6.7,12 Pro 5G
14499,samsung,black,128,android,samsung,4K,6.4,Galaxy M32 Prime Edition
18600,samsung,blue,64,android,samsung,4K,6.4,Galaxy A50
10999,redmi,red,64,android,qualcomm,HD,6.2,8
8487,samsung,blue,32,android,samsung,HD,6.5,Galaxy M02
19900,samsung,black,32,android,mediatek,Full HD,5.7,Galaxy On Max
13550,realme,blue,128,android,unknown,4K,6.7,Narzo N55
23036,oneplus,black,256,android,unknown,4K,6.6,9RT 5G
24999,xiaomi,black,128,android,mediatek,Full HD,6.7,11i 5G
8499,realme,blue,32,android,mediatek,HD,6.2,3
13990,redmi,blue,64,android,unknown,Full HD,6.4,Note 11S
15999,infinix,green,128,android,mediatek,Full HD,7.0,Note 11s Free Fire Edition
17000,samsung,blue,64,android,qualcomm,HD,6.0,Galaxy J8
31551,samsung,black,256,android,samsung,Full HD,6.5,Galaxy A53
10499,samsung,green,128,android,samsung,Full HD,6.6,Galaxy F13
22300,samsung,gold,64,android,samsung,Full HD,6.0,Galaxy A7
9990,oppo,gold,64,android,mediatek,HD,6.6,A17K
11500,samsung,black,32,android,samsung,HD,5.6,Galaxy J6
6073,samsung,black,256,android,qualcomm,2K,6.8,Galaxy S23 Ultra 5G
29999,samsung,silver,128,android,samsung,Full HD,6.5,Galaxy A51
24999,vivo,blue,128,android,qualcomm,Full HD,6.4,T1 Pro 5G
10999,realme,blue,64,android,qualcomm,HD,6.5,5i
29999,realme,black,128,android,mediatek,Full HD,6.5,X7 Pro 5G
6999,tecno,black,32,android,unisoc,HD,6.6,Pop 6 Pro
12999,motorola,blue,128,android,mediatek,Full HD,6.4,g31
25537,oneplus,black,256,android,unknown,Full HD,6.6,9 5G
14999,redmi,green,64,android,mediatek,Full HD,6.6,Note 10T 5G
15999,infinix,blue,128,android,mediatek,Full HD,7.0,Note 11s Free Fire Edition
14235,samsung,blue,128,android,unknown,HD,6.5,GALAXY M13 5G
8990,redmi,red,32,android,qualcomm,HD,6.3,7
7299,infinix,blue,64,android,unisoc,HD,6.6,SMART 7
25490,vivo,black,128,android,unknown,Full HD,6.4,V25
6999,redmi,gold,32,android,qualcomm,HD,5.0,5A
9999,motorola,blue,32,android,mediatek,HD,5.5,E4 Plus
9999,infinix,purple,64,android,mediatek,HD,6.5,Hot 8
11999,realme,blue,32,android,mediatek,HD,6.5,C15
8990,realme,blue,16,android,qualcomm,HD,6.2,C1
8999,realme,grey,64,android,mediatek,HD,6.5,C25s
12331,redmi,blue,128,android,unknown,Full HD,6.5,10 Prime
6999,redmi,gold,32,android,qualcomm,HD,5.0,5A
23927,samsung,black,256,android,qualcomm,4K,7.6,Galaxy Z Fold4 5G
19999,infinix,blue,128,android,mediatek,Full HD,6.8,Zero 5G
12500,redmi,red,64,android,qualcomm,Full HD,6.0,Note 5 Pro
20537,samsung,grey,256,android,qualcomm,Full HD,6.7,Galaxy A73 5G
12999,mi,grey,16,android,qualcomm,Full HD,5.0,4i
32000,samsung,red,128,android,qualcomm,4K,6.7,Galaxy A70s
29990,oneplus,green,128,android,unknown,Full HD,6.5,8T 5G
8464,samsung,grey,64,android,qualcomm,2K,6.3,Galaxy Note 8
13499,redmi,gold,64,android,qualcomm,HD,6.0,Y2
16999,realme,black,128,android,qualcomm,Full HD,6.4,9
14100,redmi,black,64,android,unknown,Full HD,6.6,11 Prime 5G
26073,samsung,black,512,android,qualcomm,Full HD,6.6,Galaxy S23 Plus 5G
22999,realme,grey,128,android,qualcomm,Full HD,6.4,GT Master Edition
6299,redmi,blue,32,android,mediatek,HD,6.5,A1+
12999,samsung,black,32,android,qualcomm,HD,6.4,Galaxy M11
9999,vivo,blue,32,android,mediatek,HD,6.5,Y01A
19899,tecno,blue,128,android,mediatek,4K,6.7,Camon 20 Pro
11499,redmi,grey,128,android,mediatek,Full HD,6.5,Note 9
15995,redmi,white,128,android,unknown,Full HD,6.4,Note 11S
31172,samsung,black,256,android,samsung,2K,6.9,Galaxy Note 20 Ultra 5G
24490,oneplus,grey,64,android,qualcomm,Full HD,6.4,Nord
29999,oneplus,grey,128,android,unknown,Full HD,6.4,Nord 2 5G
18546,vivo,black,256,android,qualcomm,Full HD,6.6,X60
7329,redmi,green,64,android,unknown,Full HD,6.5,A2
16390,redmi,white,128,android,unknown,HD,6.4,Note 11S
14999,oppo,gold,64,android,mediatek,HD,6.6,A57
15999,infinix,green,128,android,mediatek,Full HD,6.7,Zero 20
10499,tecno,blue,64,android,mediatek,HD,6.3,Spark Power
9999,infinix,black,64,android,mediatek,HD,6.8,Hot 10S
20990,vivo,blue,128,android,qualcomm,4K,6.4,S1 Pro
20538,oneplus,silver,256,android,unknown,4K,6.6,9RT 5G
15495,redmi,green,128,android,unknown,Full HD,6.6,11 Prime 5G
17499,mi,gold,64,android,qualcomm,Full HD,6.0,A2
19999,realme,blue,128,android,qualcomm,Full HD,6.7,10 Pro 5G
8490,tecno,green,32,android,mediatek,HD,6.5,Spark 7
9999,redmi,white,64,android,qualcomm,HD,6.2,8A Dual
12999,vivo,blue,128,android,mediatek,Full HD,6.6,T2x 5G
29999,oppo,black,128,android,qualcomm,Full HD,6.7,Reno8T 5G
8990,redmi,green,32,android,unknown,HD,6.5,9A Sport
15499,tecno,black,128,android,mediatek,4K,6.8,Pova Neo 5G
24990,vivo,purple,128,android,qualcomm,Full HD,6.4,Z1x
7430,samsung,black,32,android,mediatek,HD,6.5,Galaxy M02
14990,samsung,blue,64,android,samsung,Full HD,6.6,Galaxy A13
10870,motorola,red,64,android,mediatek,HD,6.5,E7 Power
13990,redmi,white,128,android,unknown,Full HD,6.7,NOTE 10 LITE
9725,tecno,black,128,android,mediatek,HD,6.6,Spark 9
25781,oneplus,black,128,android,unknown,Full HD,6.7,11R 5G
17990,samsung,blue,128,android,mediatek,HD,6.5,Galaxy M32 5G
16499,redmi,white,128,android,mediatek,Full HD,6.4,Note 10S
29999,realme,green,256,android,mediatek,Full HD,6.7,11 Pro+ 5G
18537,oneplus,silver,256,android,unknown,4K,6.6,9RT 5G
29537,samsung,white,128,android,samsung,Full HD,6.5,Galaxy S20 FE
16999,samsung,silver,128,android,qualcomm,HD,6.5,Galaxy A21s
16490,vivo,black,128,android,qualcomm,Full HD,6.6,Y31
15990,vivo,blue,64,android,mediatek,HD,6.3,Y15
13999,motorola,grey,128,android,qualcomm,Full HD,6.6,g52
12899,tecno,white,64,android,mediatek,HD,6.6,Spark 10 5G
23999,redmi,black,128,android,unknown,Full HD,6.7,Note 11 PRO Plus 5G
22990,oneplus,blue,128,android,unknown,Full HD,6.4,7
9999,infinix,black,64,android,mediatek,Full HD,6.7,NOTE 12i
19990,samsung,green,128,android,samsung,Full HD,6.6,Galaxy A13
23999,samsung,green,128,android,samsung,Full HD,6.7,Galaxy F62
7990,tecno,blue,64,android,mediatek,HD,6.5,Spark 8
18990,oppo,purple,128,android,qualcomm,HD,6.5,A9 2020
30862,oneplus,black,256,android,unknown,4K,6.7,10R 5G
7999,motorola,blue,64,android,mediatek,HD,6.5,e32
18990,oppo,gold,64,android,mediatek,HD,5.5,F1S
11999,vivo,gold,32,android,mediatek,HD,6.5,Y16
22999,mi,black,128,android,qualcomm,Full HD,6.7,11X
11500,samsung,blue,32,android,samsung,HD,5.6,Galaxy J6
24999,vivo,blue,128,android,mediatek,Full HD,6.4,V23e 5G
9779,redmi,black,128,android,mediatek,HD,6.7,12C
17464,samsung,black,128,android,samsung,2K,6.7,Galaxy S20+
30658,oneplus,black,256,android,unknown,Full HD,6.7,10R 5G
17999,oppo,black,128,android,qualcomm,Full HD,6.6,A96
20376,oppo,gold,128,android,qualcomm,Full HD,6.4,F21S PRO
9999,infinix,white,64,android,mediatek,Full HD,6.7,NOTE 12i
8999,redmi,gold,32,android,qualcomm,HD,5.5,Y1
14999,redmi,black,128,android,mediatek,Full HD,6.5,Note 9
9990,oppo,blue,32,android,mediatek,HD,6.5,A16E
14083,samsung,green,256,android,qualcomm,2K,6.8,Galaxy S23 Ultra 5G Smarphone
10990,oppo,black,32,android,mediatek,HD,6.5,A15
15990,oppo,blue,128,android,mediatek,HD,6.5,A54
22990,oneplus,grey,128,android,unknown,Full HD,6.4,7
29990,vivo,white,128,android,mediatek,Full HD,6.4,V21 5G
26037,oneplus,black,128,android,unknown,Full HD,6.7,11R 5G
11000,samsung,black,32,android,mediatek,HD,6.2,Galaxy A10s
23990,mi,silver,128,android,qualcomm,Full HD,6.7,11X
6999,redmi,silver,16,android,qualcomm,HD,5.0,3S
9999,infinix,black,64,android,unisoc,HD,6.6,Hot 12 Pro
12799,oppo,white,128,android,mediatek,HD,6.5,A31
15999,realme,blue,128,android,mediatek,Full HD,6.5,6
26999,xiaomi,black,128,android,mediatek,Full HD,6.7,11i 5G
27999,samsung,blue,128,android,qualcomm,Full HD,6.5,Galaxy A51
27537,oneplus,green,256,android,unknown,4K,6.7,Nord 3 5G
14499,vivo,blue,64,android,mediatek,HD,6.5,Y22
16999,realme,gold,128,android,mediatek,Full HD,6.6,9i 5G
15999,redmi,black,64,android,qualcomm,Full HD,6.3,Note 7 Pro
31990,oneplus,green,128,android,unknown,Full HD,6.7,10R
23999,vivo,blue,128,android,mediatek,Full HD,6.4,Y100 5G
12499,oppo,blue,64,android,mediatek,HD,6.6,A17
29999,oneplus,blue,128,android,unknown,Full HD,6.5,9R 5G
16940,realme,white,64,android,qualcomm,4K,6.4,XT
14490,tecno,white,128,android,unknown,HD,6.6,Spark 10 5G
26537,realme,white,256,android,qualcomm,Full HD,6.6,GT 2
22999,oneplus,grey,256,android,qualcomm,Full HD,6.4,Nord
6499,redmi,black,16,android,qualcomm,HD,5.5,7A
11490,vivo,black,64,android,qualcomm,HD,6.5,Y12G
20546,vivo,black,256,android,qualcomm,Full HD,6.6,X50
24537,samsung,purple,256,android,samsung,Full HD,6.4,Galaxy A54 5G
14999,redmi,gold,128,android,qualcomm,Full HD,6.7,Note 9 Pro
11199,realme,grey,64,android,unisoc,HD,6.5,C25Y
6999,infinix,gold,16,android,mediatek,HD,5.5,Smart 2
13999,vivo,black,128,android,mediatek,Full HD,6.6,T2x 5G
10999,samsung,blue,32,android,samsung,HD,6.4,Galaxy M11
21637,oneplus,blue,256,android,qualcomm,2K,6.8,8 Pro
6599,redmi,green,32,android,mediatek,HD,6.5,A1+
18299,oneplus,blue,128,android,unknown,Full HD,6.6,Nord CE 2 Lite 5G
30900,samsung,blue,128,android,qualcomm,4K,6.7,Galaxy A70
8888,tecno,blue,64,android,mediatek,HD,6.6,Spark Go 2023
28864,oneplus,grey,128,android,unknown,Full HD,6.7,Nord 2T 5G
22990,oppo,red,64,android,mediatek,Full HD,6.2,F7
19990,redmi,white,128,android,unknown,Full HD,6.6,Note 11T 5G
29999,motorola,black,256,android,mediatek,Full HD,6.5,Edge 40
10699,tecno,blue,64,android,mediatek,4K,6.6,Spark 8T
29999,samsung,blue,128,android,unknown,Full HD,6.7,Galaxy M53 5G
31537,xiaomi,black,256,android,unknown,Full HD,6.5,11Lite NE
13995,redmi,black,64,android,qualcomm,Full HD,6.4,Note 10
32990,oppo,blue,128,android,mediatek,Full HD,6.4,Reno3 Pro
14999,realme,black,64,android,mediatek,Full HD,6.5,6i
11530,samsung,black,64,android,unknown,4K,6.4,M21 2021 Edition
26546,xiaomi,white,128,android,unknown,4K,6.7,11T Pro 5G Hyperphone
11999,motorola,grey,128,android,qualcomm,Full HD,6.5,G32
13480,oppo,black,64,android,mediatek,HD,6.5,A16
12990,oppo,white,64,android,mediatek,HD,6.5,A16E
6999,infinix,green,64,android,mediatek,HD,6.6,Smart 6
29220,vivo,blue,256,android,mediatek,Full HD,6.4,V25 5G
8049,realme,silver,32,android,unisoc,HD,6.5,C31
19999,oneplus,grey,128,android,unknown,Full HD,6.7,Nord CE 3 Lite 5G
15300,samsung,gold,32,android,samsung,Full HD,5.5,Galaxy J7 Prime
28999,samsung,blue,128,android,unknown,4K,6.7,Galaxy M52 5G
19955,realme,blue,128,android,qualcomm,4K,6.4,XT
8990,redmi,black,32,android,unknown,HD,6.5,9A Sport
7999,realme,blue,32,android,mediatek,HD,6.1,C2
13990,oppo,blue,64,android,mediatek,HD,6.5,A54
28999,redmi,red,128,android,qualcomm,Full HD,6.4,K20 Pro
6999,redmi,grey,16,android,qualcomm,HD,5.0,3S
29999,oneplus,black,128,android,unknown,Full HD,6.7,10R
6073,samsung,green,256,android,qualcomm,2K,6.8,Galaxy S23 Ultra 5G
14999,motorola,grey,128,android,qualcomm,Full HD,6.8,G60
14999,infinix,black,64,android,mediatek,HD,7.0,Note 7
14999,redmi,black,128,android,mediatek,Full HD,6.5,Note 9
12990,motorola,blue,64,android,qualcomm,HD,6.5,G9
9499,oppo,blue,64,android,mediatek,HD,6.6,A17k
14999,infinix,blue,128,android,mediatek,Full HD,6.8,Note 30 5G
8399,redmi,black,32,android,mediatek,HD,6.5,9A
16989,samsung,black,128,android,unknown,4K,6.4,M21 2021 Edition
8999,redmi,gold,32,android,qualcomm,HD,5.0,3S Prime
7999,infinix,purple,64,android,mediatek,HD,6.8,HOT 20 Play
9999,tecno,grey,64,android,unknown,HD,6.6,Spark 8C
13390,oppo,blue,64,android,mediatek,HD,6.5,A16
23990,oppo,purple,128,android,mediatek,4K,6.5,F11
35990,oppo,white,256,android,mediatek,Full HD,6.4,Reno3 Pro
11990,oppo,white,64,android,mediatek,HD,6.5,A31
30546,mi,white,256,android,unknown,Full HD,6.7,11x Pro 5G
19990,oppo,black,32,android,qualcomm,Full HD,6.0,F5
30537,realme,black,128,android,qualcomm,Full HD,6.6,GT 2
15980,redmi,black,128,android,unknown,HD,6.4,Note 11S
15999,oppo,blue,128,android,mediatek,HD,6.6,A77
10390,redmi,green,128,android,unknown,HD,6.7,12C
8875,tecno,gold,64,android,mediatek,Full HD,6.6,Spark 9T
10999,redmi,grey,128,android,unknown,HD,6.5,10A SPORT
19999,redmi,white,128,android,unknown,Full HD,6.4,Note 11
15999,redmi,black,128,android,qualcomm,Full HD,6.7,Note 12
17999,redmi,black,64,android,qualcomm,Full HD,6.3,Note 6 Pro
14999,redmi,blue,64,android,qualcomm,Full HD,6.0,Note 5 Pro
9999,infinix,blue,64,android,unisoc,HD,6.6,Hot 12 Pro
12490,samsung,blue,64,android,qualcomm,HD,6.4,Galaxy M11
14990,redmi,white,128,android,mediatek,Full HD,6.5,Note 9
21999,tecno,green,128,ios,unknown,4K,6.8,Camon 19 Pro 5G
25636,oneplus,black,128,android,unknown,4K,6.6,9RT 5G
14999,mi,black,64,android,qualcomm,Full HD,6.4,Max 2
15999,redmi,red,64,android,qualcomm,Full HD,6.3,Note 7 Pro
21072,samsung,black,512,android,qualcomm,2K,6.8,Galaxy S22 Ultra 5G
7499,infinix,green,32,android,mediatek,HD,6.8,Smart 5
16999,redmi,red,64,android,qualcomm,Full HD,6.3,Note 7 Pro
21299,samsung,silver,128,android,unknown,Full HD,6.5,Galaxy M34 5G without charger
30999,samsung,purple,128,android,mediatek,4K,6.6,Galaxy A34 5G
17999,redmi,red,64,android,qualcomm,Full HD,6.3,Note 6 Pro
18999,redmi,green,128,android,qualcomm,Full HD,6.7,Note 12 5G
9999,redmi,black,64,android,qualcomm,HD,6.7,10
29546,oneplus,green,256,android,qualcomm,Full HD,6.5,8
15999,redmi,blue,128,android,unknown,Full HD,6.7,NOTE 10 LITE
8999,tecno,black,64,android,unisoc,HD,6.6,Spark 8C
7791,motorola,silver,32,android,mediatek,HD,6.5,e32s
9990,redmi,blue,64,android,qualcomm,HD,6.0,Y2
23999,samsung,black,128,android,mediatek,Full HD,6.4,Galaxy A31
19488,redmi,black,128,android,unknown,Full HD,6.6,Note 11T 5G
9490,vivo,blue,32,android,mediatek,HD,6.5,Y3s
29999,oneplus,blue,256,android,unknown,2K,6.7,7 Pro
15999,motorola,grey,128,android,mediatek,Full HD,6.5,g72
11999,redmi,black,64,android,mediatek,Full HD,6.5,Note 9
30203,oneplus,black,128,android,unknown,Full HD,6.5,9 5G
13999,vivo,gold,128,android,mediatek,Full HD,6.6,T2x 5G
